,Loc,enrichment
0,1,0.07043568433134012
1,2,0.13415499266167427
2,3,0.22878317374046947
3,4,2.1372392739372477
4,5,0.17729637258583064
5,6,0.37292827510942406
6,7,0.522489576659198
7,8,0.09572021328683707
8,9,0.07545623423921854
9,10,0.023683758164018024
10,11,6.894860075674618
11,12,0.7572910072281384
12,13,0.6215067293672554
13,14,0.4988050026939662
14,15,0.431885454461297
15,16,0.31222384392040553
16,17,0.08499515208249867
17,18,0.20523469261175722
18,19,0.18456793777931427
19,20,0.05737780725270956
20,21,1.610112983611791
21,22,0.023409472674787636
22,23,0.9193994946797301
23,24,0.14719981442984884
24,25,1.9364576738239807
25,26,1.2112605936702214
26,27,0.9504829157234359
27,28,0.29545550777666435
28,29,1.085708004074642
29,30,0.20742772494875178
30,31,0.1465463143190767
31,32,0.17594707839608903
32,33,0.21276810416810865
33,34,0.050955966930857466
34,35,2.2728457787421434
35,36,0.17461465753185626
36,37,0.20134698589687028
37,38,1.2134195137627182
38,39,0.21200412683026043
39,40,5.040833344209773
40,41,0.3338923592748343
41,42,0.5589051426757337
42,43,0.9301182221184274
43,44,0.2918453514601044
44,45,0.5753767865273879
45,46,0.6368801594010888
46,47,0.3483132884516071
47,48,0.16480051901147358
48,49,0.6410530778488718
49,50,0.9272144943926945
50,51,0.27480304798940236
51,52,1.0313441041955582
52,53,0.06618204347642331
53,54,0.4622692911387843
54,55,0.3872243973860026
55,56,0.4063416447256498
56,57,0.4225677591998475
57,58,0.3343947869197649
58,59,18.494306021586098
59,60,0.735026115114509
60,61,0.23696889199411528
61,62,0.6918045823537127
62,63,0.6668915029271206
63,64,0.4723694061090449
64,65,0.2626762359566361
65,66,0.5242492474746795
66,67,0.516932294245172
67,68,0.2954233547617379
68,69,0.2644871295129559
69,70,0.15532924163602052
70,71,0.26892129440244816
71,72,0.08460352099709349
72,73,0.04492210233174841
73,74,0.7957455996135464
74,75,0.02359490742297649
75,76,0.15977133641602717
76,77,0.5620251588896168
77,78,0.037602173520856076
78,79,0.5735238837768566
79,80,0.5990923941109269
80,81,0.5918356041247379
81,82,0.4837991638326272
82,83,0.08071817890639209
83,84,0.13899701317996005
84,85,0.5231544351401078
85,86,0.7031614502503233
86,87,0.37615315395701054
87,88,1.9495616325746339
88,89,1.3073027066364955
89,90,0.09356822117476869
90,91,0.08426927377280828
91,92,0.07518125357653031
92,93,0.028305272081340975
93,94,0.23320466771809567
94,95,6.239282276127088
95,96,0.41180533147046
96,97,0.23863613517047233
97,98,2.8689189564008957
98,99,0.8241436765282218
99,100,0.3663912613177252
100,101,2.4397227109282342
101,102,0.3678219858325501
102,103,0.5316606893868592
103,104,0.14033875481980712
104,105,0.282727792203801
105,106,0.4307892865740295
106,107,0.6474739015893286
107,108,0.2534032090462579
108,109,0.5851554536631385
109,110,0.9854649791538227
110,111,0.728868737994815
111,112,0.21861800296321166
112,113,0.3771678604876847
113,114,0.8204586857255433
114,115,0.37932890985946544
115,116,0.1200996889995029
116,117,0.043225958607280505
117,118,0.07776434110976738
118,119,0.6784607922746768
119,120,0.31874915037599
120,121,0.11619242492634309
121,122,0.3724813438586675
122,123,1.3030096576090968
123,124,0.803167624625607
124,125,0.3590975543342457
125,126,0.5819406805650731
126,127,0.13635822930543298
127,128,0.09276103826671962
128,129,0.19513128212192446
129,130,0.203167400598158
130,131,0.2757071656566908
131,132,4.7567264106319875
132,133,0.30685594103352876
133,134,0.8029484448344141
134,135,1.4523794830132295
135,136,0.44632787980673577
136,137,0.9801564520060652
137,138,0.2673471866953294
138,139,0.29606608714103255
139,140,0.2774374161633555
140,141,0.1342565481090254
141,142,0.17597770480831304
142,143,0.2839675618414296
143,144,0.6406254490874014
144,145,1.1228228178312838
145,146,0.8514545888204266
146,147,0.2770366096737056
147,148,0.054962258111606696
148,149,0.7376513294556574
149,150,0.14106963352781426
150,151,0.024131252222389533
151,152,2.2688302829732687
152,153,0.47056745680996315
153,154,2.5092372539751975
154,155,0.24363178056106596
155,156,0.6039839821942892
156,157,2.702709026790105
157,158,0.6132551142902984
158,159,1.2451602635809178
159,160,0.15819593955176883
160,161,0.0490225439052954
161,162,0.16344796876635964
162,163,1.0699465949994078
163,164,1.2839902996448487
164,165,2.092849194284995
165,166,4.022283442244843
166,167,0.4300168728084091
167,168,0.6124360134426546
168,169,0.24332998100558165
169,170,0.49356722101818024
170,171,1.1776853815840835
171,172,0.32097928236289247
172,173,0.33104440453866407
173,174,0.7408391972781381
174,175,0.05591963285049261
175,176,0.5935271509128508
176,177,0.779702570357006
177,178,2.659572048198192
178,179,0.4222107007300291
179,180,1.581339548582172
180,181,0.48978199389490146
181,182,1.9085869097460844
182,183,0.3680502535435758
183,184,0.6399356105976873
184,185,0.3408385662921742
185,186,0.5368028552115499
186,187,1.0562569403142297
187,188,3.4244155841648474
188,189,0.23261423676670262
189,190,0.942850686854625
190,191,0.4751947904941302
191,192,0.3535219932942832
192,193,4.176222929743642
193,194,0.12089382270413311
194,195,0.5377900758820746
195,196,0.6494226042564955
196,197,4.729588204239994
197,198,1.0392870635574005
198,199,1.1531754164140442
199,200,0.19122196618974205
200,201,0.7610598587652028
201,202,1.0785293883881382
202,203,0.1364585003138295
203,204,0.2538092719970804
204,205,0.49834032492080854
205,206,0.7053428925978322
206,207,0.29905029992770943
207,208,0.6880075936471841
208,209,0.1632114707894791
209,210,0.22299419332989087
210,211,1.7211808983285224
211,212,0.056713214260485964
212,213,0.07663136456812322
213,214,0.16430178284710126
214,215,0.1742196493451068
215,216,0.617159014473204
216,217,0.35238878102988896
217,218,0.3835959600582851
218,219,0.34672901636416453
219,220,0.2744545552206972
220,221,0.257202523730332
221,222,0.14110615067048904
222,223,0.6714022550494015
223,224,0.9260811442566504
224,225,0.511818500030258
225,226,1.5191581057431993
226,227,1.6045652073256773
227,228,1.638147203786704
228,229,0.8547130295536529
229,230,0.746335593989048
230,231,0.12899193276797655
231,232,0.1704991282447174
232,233,0.1496874520623872
233,234,1.7893677365285618
234,235,0.10865402010492359
235,236,0.17402807474054868
236,237,1.3128827131299263
237,238,0.09233133326998776
238,239,0.1016167332366257
239,240,0.05985400265038048
240,241,0.02850293171451122
241,242,0.051716337711487946
242,243,0.23967987657423848
243,244,0.0400469104925776
244,245,1.49392718435779
245,246,0.1538652822575932
246,247,0.19166444508086966
247,248,0.5892020771335643
248,249,0.20629088455577385
249,250,0.07128466747165187
250,251,1.1871085500686294
251,252,0.01950347081112607
252,253,0.03785411188870397
253,254,0.2759330061843883
254,255,0.043691272592359894
255,256,0.2981304632189251
256,257,0.511875090216136
257,258,0.34961314708036717
258,259,1.4418507152636282
259,260,0.7425959001034206
260,261,0.2780180670386893
261,262,0.18375294397889552
262,263,1.3435136784498303
263,264,0.8153522390013609
264,265,1.5270655208225057
265,266,0.5299064969061273
266,267,1.4818183649740873
267,268,2.1167236520693073
268,269,0.06382416894808679
269,270,0.10661957502367078
270,271,0.7136941461228502
271,272,0.15814554491128288
272,273,0.2992518990609905
273,274,0.15637280280106075
274,275,0.2988142447146119
275,276,1.6174060598009008
276,277,0.5535098073676734
277,278,1.3583850011650396
278,279,0.3389856128114419
279,280,0.1009244870259394
280,281,0.3874494396266184
281,282,0.3040186782128211
282,283,1.3768109929576526
283,284,1.043627855124922
284,285,0.7396704620206371
285,286,1.1767546424709112
286,287,0.8824665062035065
287,288,0.6632238189586555
288,289,1.0220636879734866
289,290,1.0829773020693096
290,291,0.3544851957461583
291,292,0.4611558079869908
292,293,0.7126107553223957
293,294,1.8179760014639716
294,295,0.8752535240349981
295,296,0.6140560378278964
296,297,1.190585800486066
297,298,1.8691944075687432
298,299,0.9400003833936863
299,300,1.7103479694437442
300,301,0.9671848320323935
301,302,1.302836992592798
302,303,1.9871315598452868
303,304,2.8519393587885746
304,305,0.4441511682743644
305,306,0.041157795738022765
306,307,0.1822030164302461
307,308,0.09472191378228699
308,309,0.10184511090931311
309,310,0.43296310733371407
310,311,1.7640368610919157
311,312,3.1963938166610806
312,313,0.7759109119152786
313,314,0.2419060605383353
314,315,0.27112964514629007
315,316,0.02312699281230952
316,317,0.19849415241495855
317,318,0.3601101778712893
318,319,0.4647111714325747
319,320,0.7968687916633
320,321,0.08525364694189044
321,322,1.1378814942336863
322,323,0.40023625553237113
323,324,0.3641940628079442
324,325,0.032991688047738145
325,326,0.9648051222393195
326,327,1.7814082485098233
327,328,0.11186333344468793
328,329,0.15189255468251056
329,330,0.3195409499987803
330,331,0.29435947057377393
331,332,0.2568184505779936
332,333,0.12657477256368804
333,334,0.08559613812145903
334,335,0.10881262711474714
335,336,2.271199771999544
336,337,0.24021571580138984
337,338,0.6194968079746638
338,339,0.26776535940085855
339,340,0.2692411055964225
340,341,0.08445576566923867
341,342,0.14910995733323867
342,343,0.17502016939436235
343,344,0.09991510459622661
344,345,1.407233709644478
345,346,0.19854867034638143
346,347,0.5482151738269999
347,348,11.820505369526536
348,349,2.103389978967715
349,350,0.7273438419332876
350,351,0.47652418609099007
351,352,0.4935991853659809
352,353,0.2968179968416526
353,354,0.28310589052939844
354,355,4.8705986993877
355,356,0.20096135904873955
356,357,0.4052537595715966
357,358,0.3617776060891879
358,359,5.726980622223189
359,360,0.6173908093144043
360,361,0.05949402095479701
361,362,0.2467938331392959
362,363,0.19419315314292385
363,364,0.06363820198638778
364,365,0.21020030968225595
365,366,1.5049660399639533
366,367,0.18352533297937826
367,368,0.1685853381405515
368,369,0.1431964983544971
369,370,0.3699677487455819
370,371,0.3608953902881665
371,372,0.541538400793207
372,373,4.170189234539113
373,374,0.18338275572940937
374,375,0.2499594071268275
375,376,3.4790477043664145
376,377,0.08669714781974545
377,378,0.1247263792030966
378,379,0.1973629167507887
379,380,0.09537987916367148
380,381,0.24219144420991195
381,382,0.20535719842201636
382,383,0.06890922310826861
383,384,0.09921449066725531
384,385,0.5165450002422002
385,386,0.46044656074645995
386,387,0.2329443419263769
387,388,0.8489044789705229
388,389,0.06888884306914682
389,390,0.12086472211011304
390,391,0.9016216300585924
391,392,0.4713484768427317
392,393,0.19269595282601698
393,394,0.16053717971671458
394,395,2.6461399903898
395,396,0.19804122572525773
396,397,0.21786310508027945
397,398,0.16739633459726533
398,399,0.04737589596316822
399,400,0.05045539719555486
400,401,0.846609261952724
401,402,0.6233995087171741
402,403,0.17647325223409827
403,404,0.1601565364918061
404,405,1.0103769840374357
405,406,0.451457783070221
406,407,0.7784922528049225
407,408,0.386810159002674
408,409,0.9689513724833104
409,410,2.2573028660725467
410,411,0.42403505493010357
411,412,0.8502181281665796
412,413,1.933219217809922
413,414,3.4145490238558467
414,415,0.5010686302950712
415,416,1.045582750844403
416,417,0.6827975680346536
417,418,0.6851352188303389
418,419,0.6409425793627298
419,420,0.6634115007077779
420,421,1.2270481992943374
421,422,0.7863960242724178
422,423,0.7504073522062671
423,424,0.1125303609041539
424,425,0.2932308048385955
425,426,0.6875743210984899
426,427,0.3983806447776515
427,428,0.4767913888716605
428,429,0.4891417796579455
429,430,2.155774907907497
430,431,0.48392123086538097
431,432,0.0789710598360482
432,433,2.9180559830900776
433,434,0.11428888146785425
434,435,0.6689463470779199
435,436,1.4462739144767187
436,437,0.6959950231711745
437,438,0.16751561911693014
438,439,0.38783020113255096
439,440,1.0973536784324602
440,441,0.12638034142464694
441,442,0.9175693274755041
442,443,0.08631196675044593
443,444,0.3593999789936382
444,445,0.9352613928672279
445,446,0.3910938529694023
446,447,0.33489872890879796
447,448,0.3360200973630168
448,449,0.3915454020534786
449,450,0.6789696919226303
450,451,0.9113327944608097
451,452,0.08883096187718373
452,453,0.5403315162783933
453,454,0.1914442892173099
454,455,1.3016451963582192
455,456,6.065079753408151
456,457,0.4269575612214196
457,458,0.0394878865185833
458,459,0.25275080090248037
459,460,4.01191451531021
460,461,1.9394633565424648
461,462,7.381980721443192
462,463,1.7185326324738004
463,464,1.42583045369333
464,465,0.31041046771327074
465,466,0.3167892491617656
466,467,0.4831618391676722
467,468,0.4982849732644666
468,469,1.7123485172586261
469,470,0.9414592900260131
470,471,1.0177936184432799
471,472,0.7599877730038578
472,473,3.0410981649471003
473,474,2.7151083175600412
474,475,1.2256069459821546
475,476,1.8757834291420576
476,477,0.0647906114767485
477,478,1.231377881251313
478,479,6.053650609590669
479,480,1.4238257035903075
480,481,0.08034794431633382
481,482,0.5494533798808974
482,483,0.46852381724104786
483,484,0.8274841264668719
484,485,0.5492015159567387
485,486,4.547905765762441
486,487,0.21093325756171274
487,488,0.3505877621860476
488,489,0.07031576989546066
489,490,2.818851713573575
490,491,1.0417898869380078
491,492,1.4522828311036877
492,493,1.1355867067684589
493,494,1.0169405396109972
494,495,0.04558142633978691
495,496,0.2961338938891456
496,497,0.1142184749310949
497,498,0.1443223700551596
498,499,0.19457333729538598
499,500,1.5395919672564051
500,501,0.09538216237480544
501,502,0.056120477690609696
502,503,0.14754846870013677
503,504,0.18485397696814349
504,505,0.11903464737908019
505,506,0.2939005464622302
506,507,0.44968112600515314
507,508,0.1747675654792566
508,509,0.2181996375334655
509,510,0.21812824509371725
510,511,0.15173502750134496
511,512,0.46003696403037525
512,513,0.13627096832659724
513,514,0.17188345564009622
514,515,0.10312573523030458
515,516,0.22594899657205605
516,517,0.13568655118588197
517,518,0.25846056223393554
518,519,0.2024456650334192
519,520,0.039961277017614386
520,521,0.6945898251278669
521,522,1.201866809516151
522,523,0.27660164739254267
523,524,0.21439419607413768
524,525,0.16406705154770423
525,526,2.8332389335497195
526,527,0.22199282679407656
527,528,0.28269239344203795
528,529,0.92729072307803
529,530,1.5778161493532123
530,531,0.042132686525611855
531,532,0.1392574645485705
532,533,0.28739994563639815
533,534,0.3013051626348567
534,535,0.9196471054532736
535,536,0.14652177988959672
536,537,0.28684772861100666
537,538,0.7495796943043801
538,539,0.33857388436446084
539,540,0.25404013556679833
540,541,0.8458450209129406
541,542,0.7760574756466497
542,543,1.5344343917136194
543,544,0.981821867485805
544,545,1.3047829756796006
545,546,0.5529137505776038
546,547,0.26967746257551967
547,548,0.8735669041870248
548,549,0.3699755684722096
549,550,1.5297243073145708
550,551,0.3630093502010931
551,552,0.699704363747613
552,553,1.456827717768527
553,554,0.4196516438278165
554,555,0.6605887379353231
555,556,0.3434029600450777
556,557,0.9158812030218966
557,558,0.872113533107225
558,559,1.0586033029176063
559,560,0.9275203201755786
560,561,0.14433388179176748
561,562,3.2423332696440137
562,563,0.5554091188262124
563,564,0.5499501153798367
564,565,1.1665256538234663
565,566,0.6132294779803662
566,567,0.4295328165087736
567,568,0.4029195815619462
568,569,0.5961575874849544
569,570,0.5286326844663042
570,571,0.6752817100853042
571,572,1.208601000727021
572,573,1.043745838822077
573,574,0.5782365871360496
574,575,1.5280647948058472
575,576,1.0488640102141087
576,577,8.994020996944645
577,578,0.6371730865918527
578,579,0.31881569933845677
579,580,0.11701863939851641
580,581,0.4848492500864995
581,582,0.9175441594567093
582,583,0.22782230656102953
583,584,0.6187382340681736
584,585,0.8608444026887354
585,586,0.6057901577095524
586,587,0.17923626222191838
587,588,0.5714512222044289
588,589,0.3912291095147833
589,590,0.48263908122542537
590,591,0.4284070266723534
591,592,0.5139599097135176
592,593,1.4254581641283193
593,594,0.6991301666691975
594,595,0.5837962465479205
595,596,0.27687829206612835
596,597,3.1863840498229696
597,598,1.4697552026483611
598,599,0.8702806815672668
599,600,0.3145977118700455
600,601,0.35545447962267673
601,602,0.7397707375136978
602,603,1.6878236610182036
603,604,1.6812619230153456
604,605,1.5172093227704702
605,606,0.23089484901707977
606,607,0.750390523307645
607,608,0.2838051488698554
608,609,0.1320978343124021
609,610,0.25570779925880704
610,611,4.844185773777071
611,612,0.5918786472485652
612,613,0.2157710526473462
613,614,2.5744099609134343
614,615,0.39825800254927907
615,616,0.741906607846179
616,617,0.43567186807996505
617,618,0.40790230719184767
618,619,0.44239508018002177
619,620,0.4254758977326594
620,621,1.69655544140484
621,622,0.1744983679412762
622,623,0.16213968045176486
623,624,0.32391984253986217
624,625,0.34082766449591534
625,626,0.6561557043054734
626,627,0.2223997031329281
627,628,0.6279308273642978
628,629,1.0818980116578705
629,630,0.40483739943839947
630,631,5.539648358317927
631,632,0.2607171071567711
632,633,0.7462694177526983
633,634,0.6024413612258722
634,635,0.07699496098690028
635,636,0.20486562651195564
636,637,0.12836274513543888
637,638,0.14800433399918794
638,639,0.47268535101082126
639,640,0.42702388430195737
640,641,0.11303568277257958
641,642,0.6816088511854583
642,643,2.998421374233221
643,644,0.397546478646433
644,645,0.5021248243108002
645,646,0.5204935115155958
646,647,0.058140681112813286
647,648,0.6987724251523105
648,649,0.7266347765618351
649,650,1.048666187950904
650,651,0.12904194625127116
651,652,0.1835073236443262
652,653,0.37985148431006643
653,654,0.14174006059918975
654,655,1.4299591553325526
655,656,0.23847696986779549
656,657,0.21415531022658027
657,658,0.1440050736291754
658,659,0.07105376021226026
659,660,0.30174497704917574
660,661,0.30034779983907517
661,662,0.059871920315902896
662,663,0.15105886804812244
663,664,0.7996919814270032
664,665,0.20637924171619326
665,666,0.2540164235230233
666,667,0.5366093775007178
667,668,0.36534057505619655
668,669,0.058771139249515277
669,670,1.0986762807531787
670,671,0.28615182445199444
671,672,1.7533982234645547
672,673,0.07771829449357882
673,674,0.17083999615440473
674,675,0.29929849120052693
675,676,0.11596584932853514
676,677,0.9762120947251781
677,678,0.12791858673645898
678,679,0.18795824141982706
679,680,0.9233029966598729
680,681,0.10551912699872988
681,682,0.3179909575993498
682,683,0.14992150617778197
683,684,0.037984958096358795
684,685,0.0728402986775158
685,686,7.694969627009131
686,687,0.641111849249628
687,688,2.515690510370481
688,689,0.11385122111748497
689,690,0.07312424390729458
690,691,0.46062006774317493
691,692,0.6843638053846048
692,693,0.336196155883161
693,694,0.26087456835575307
694,695,0.2123388895086244
695,696,0.30441642406242253
696,697,0.27567423340389346
697,698,0.7429442340865148
698,699,0.034777652193465805
699,700,0.18582867461215383
700,701,0.6067887207067028
701,702,0.33581852043128957
702,703,1.3069384489449987
703,704,0.07318401718817041
704,705,0.4909935265147595
705,706,0.06178075738900467
706,707,0.6223961525383239
707,708,0.4732636168995613
708,709,0.17836642396067476
709,710,0.8516952161830191
710,711,1.4905721743713174
711,712,0.46009190060805827
712,713,0.3892219254673641
713,714,0.4652327393278905
714,715,0.16852337820553817
715,716,0.029546528845017173
716,717,0.8028600603790135
717,718,0.882857484316031
718,719,0.10184728085210461
719,720,0.17134701007412997
720,721,0.04794720520792775
721,722,0.28018424973866246
722,723,0.4640824058446478
723,724,0.19706878388235455
724,725,0.7100428002189436
725,726,2.99201116710943
726,727,0.4332783707475184
727,728,1.0655905549552658
728,729,0.24869740034133056
729,730,0.08486531703747816
730,731,0.5250715467583534
731,732,0.3161471536449353
732,733,0.8911774561378932
733,734,0.5060685442450115
734,735,0.4426575033964396
735,736,3.692410260685338
736,737,0.17880624835990971
737,738,2.08998708256472
738,739,2.706235244950845
739,740,0.14267081550463762
740,741,0.5007513950808641
741,742,0.31734204274163713
742,743,0.6666740669855459
743,744,1.4603482998656971
744,745,0.1754052320138872
745,746,0.45350487375451465
746,747,3.020094113814534
747,748,0.40821058685834855
748,749,0.05251401739124666
749,750,0.1353829872905265
750,751,0.43419610571334283
751,752,0.5258253837298679
752,753,0.2124256387287977
753,754,0.22216599356237993
754,755,0.43521252436918445
755,756,0.5789683141439768
756,757,0.26500431400671504
757,758,0.6879265469693435
758,759,0.36496988220326915
759,760,1.1350965234232206
760,761,1.2902704562179144
761,762,1.887908888414508
762,763,0.2743668746047542
763,764,0.31911184594402286
764,765,0.20150869147329925
765,766,0.11665536623155617
766,767,0.15211151569626194
767,768,1.2757672092781212
768,769,0.9408313634561497
769,770,1.126609791565056
770,771,0.6035421499737247
771,772,0.7173837471867748
772,773,0.2929479095416631
773,774,0.514823805579856
774,775,1.2232155902514954
775,776,1.320271995496595
776,777,0.7792876868003777
777,778,0.8540416416558833
778,779,2.3813437207625894
779,780,0.48132802460545543
780,781,0.4131423339754715
781,782,2.732940137528541
782,783,2.249400468626626
783,784,0.916351416710392
784,785,5.268930036525979
785,786,2.3565878893105148
786,787,8.562972522739004
787,788,6.2415583003782835
788,789,3.644359323488581
789,790,6.1436809038074225
790,791,7.723512304584862
791,792,11.192090389170692
792,793,3.507366695472258
793,794,8.476626166165584
794,795,4.344349143143203
795,796,4.315309582333406
796,797,3.0338221696737917
797,798,4.087836673431442
798,799,4.593758976235617
799,800,4.027194536075264
800,801,4.690890248491375
801,802,6.411776884594356
802,803,4.908226944542082
803,804,7.059532081575804
804,805,6.4711543649697445
805,806,6.981056593326126
806,807,2.628985175671962
807,808,7.559018416824961
808,809,9.193423359455961
809,810,21.472067203289367
810,811,10.021067991432407
811,812,15.608912938687698
812,813,28.177417968578116
813,814,6.715380349180179
814,815,15.971293038104388
815,816,20.238058547850375
816,817,8.459641468752563
817,818,9.6871668578982
818,819,15.315147642852237
819,820,11.297423335383735
820,821,9.534633625984494
821,822,10.819980757781199
822,823,9.412463990650647
823,824,9.267413523156806
824,825,14.159235059556046
825,826,11.76339094163398
826,827,8.922742963039823
827,828,8.663651872084094
828,829,8.576708485941102
829,830,2.812655785059654
830,831,0.7926439798671299
831,832,0.3017942182234131
832,833,0.9515050803104028
833,834,0.16760985077144636
834,835,0.20784796950959378
835,836,0.0606710596049935
836,837,0.1528861345406173
837,838,0.6532281839088327
838,839,0.1315961570989278
839,840,0.28855157639478907
840,841,0.2878448492387326
841,842,0.15710752910874598
842,843,0.3187997241304558
843,844,0.14182121120159524
844,845,0.14200650525133984
845,846,4.04380847462879
846,847,0.17308431643091376
847,848,0.7449065291231335
848,849,0.8820415980004968
849,850,1.3206998343137928
850,851,0.9838087944517462
851,852,0.09178950178577405
852,853,0.8017242335926854
853,854,0.16919031359090245
854,855,1.8241522451127226
855,856,0.0479634354812497
856,857,3.661568530382356
857,858,1.4380441277954499
858,859,0.1859296618712698
859,860,0.02243938465311614
860,861,0.12996519178736454
861,862,2.1290692529574167
862,863,0.9494861990384287
863,864,0.022587703400726113
864,865,0.3573093438846982
865,866,0.3466311803688337
866,867,0.6001240830857726
867,868,0.14306093194822136
868,869,2.097280674984984
869,870,0.4392333823565825
870,871,0.9568323116837888
871,872,0.3122625711498009
872,873,1.0240966655551356
873,874,0.07962707169106255
874,875,0.17056727189440432
875,876,0.25647656010681225
876,877,0.27571452353526
877,878,0.5870813559927238
878,879,0.13865019780235416
879,880,0.30711888486649147
880,881,1.4130323625097048
881,882,0.21752749802284083
882,883,0.1216039256015268
883,884,0.5999492660797197
884,885,0.14711089103356226
885,886,0.17956656139890848
886,887,0.27171971331284483
887,888,0.5363747433118111
888,889,0.030617479883152172
889,890,0.05210568713285804
890,891,0.4499977879863786
891,892,0.15123476343102799
892,893,8.234479912321861
893,894,0.16058172619957514
894,895,0.29363868106438756
895,896,0.0432072820589631
896,897,2.140665658585808
897,898,1.034746162190526
898,899,0.3797171295019294
899,900,0.29803630299660155
900,901,0.9813673379255689
901,902,0.06777880983585041
902,903,0.9115681550702502
903,904,0.1074528775644249
904,905,2.189641468510501
905,906,0.14810787239679682
906,907,0.36913404203011374
907,908,1.957286049373224
908,909,0.15230395968042776
909,910,0.25801395514174746
910,911,0.11544773562419293
911,912,0.5069046411659818
912,913,1.0321541523208888
913,914,0.1542228117249691
914,915,0.601110539464766
915,916,0.29814789605192377
916,917,0.44701138194743145
917,918,0.3403792744183671
918,919,0.6173427057827784
919,920,1.1157747124600623
920,921,0.35792292884502375
921,922,1.0918877563929397
922,923,0.4885539574944807
923,924,0.05207417177015762
924,925,0.10763186712486364
925,926,0.16331144257362668
926,927,2.9711570722657124
927,928,0.5502698182689364
928,929,0.24489893645596228
929,930,0.19568239990908143
930,931,0.5134453681559695
931,932,0.31605307921245956
932,933,0.03922844889730851
933,934,0.31374041891289356
934,935,0.41080842291587494
935,936,0.10055487955800985
936,937,0.08766043284568943
937,938,0.5297319122404932
938,939,0.18661048221648646
939,940,0.9496734959614502
940,941,1.9449880574405114
941,942,0.166273962687373
942,943,0.18592654209597365
943,944,0.5397331209624878
944,945,0.15320181643414435
945,946,0.8009893711270006
946,947,0.11912552449178151
947,948,0.19437960133925902
948,949,0.7271504586251837
949,950,0.23882451087425338
950,951,0.3469926811392118
951,952,0.20932775625474984
952,953,0.17698417289864882
953,954,0.15243508883485396
954,955,0.07711425043918396
955,956,0.256449102114727
956,957,0.593025158382513
957,958,0.13295569648695377
958,959,0.2160134789588402
959,960,0.44145322808713633
960,961,0.24612567549099046
961,962,0.3038614279521963
962,963,0.10541958974290325
963,964,0.5418982820321735
964,965,0.22409162385413608
965,966,2.081139615391747
966,967,0.1490105393977652
967,968,0.5619584200085611
968,969,0.15350520815227933
969,970,0.10282353174474794
970,971,0.1630671943220244
971,972,0.21528718452438783
972,973,0.38029548202796326
973,974,0.4535175729150697
974,975,4.83872574200139
975,976,0.24914216741507628
976,977,0.1421803462473192
977,978,2.7009598563296766
978,979,0.19137093922981202
979,980,0.07184471682870314
980,981,0.13034467139911074
981,982,0.28207286526852254
982,983,0.38766635534403027
983,984,0.3064566204977893
984,985,0.749326866461881
985,986,0.4014441685659889
986,987,0.5592292856165983
987,988,0.29994579583752023
988,989,4.085633821033926
989,990,0.1735563055414025
990,991,0.46674964917610906
991,992,0.42579383996576176
992,993,0.49241468770279423
993,994,0.8921193650095406
994,995,0.5164691881982438
995,996,0.24436807475159136
996,997,0.4714964711489965
997,998,0.47708441262148166
998,999,0.03627631432571383
999,1000,4.56764300699788
1000,1001,0.34146123321920285
1001,1002,0.7812230424770159
1002,1003,0.13322086822355672
1003,1004,0.07735259253375515
1004,1005,0.4420014718162861
1005,1006,0.23240927554874785
1006,1007,0.5805798115506069
1007,1008,3.4673927535323785
1008,1009,0.2484610497656817
1009,1010,0.09321111223327293
1010,1011,0.9208338448804739
1011,1012,0.8157944973966937
1012,1013,0.11049408673977482
1013,1014,1.396024426407003
1014,1015,4.732505759053845
1015,1016,0.09661393307605173
1016,1017,0.11489851704401789
1017,1018,0.2284808773636046
1018,1019,2.2597230106459802
1019,1020,0.21515673050185308
1020,1021,0.05448917432587807
1021,1022,0.8921453605253148
1022,1023,0.47153378852136596
1023,1024,0.2809634480139539
1024,1025,0.11471523523067402
1025,1026,3.0016381050827183
1026,1027,0.21548964133454765
1027,1028,0.3828210519833387
1028,1029,0.47165814846694987
1029,1030,1.1639803026278972
1030,1031,0.414861531884013
1031,1032,0.1690320597037493
1032,1033,6.35008154851574
1033,1034,0.15801684868825097
1034,1035,0.7469260003240331
1035,1036,1.0606720078196559
1036,1037,0.23296651601091464
1037,1038,0.07476759879860831
1038,1039,0.26509569947059874
1039,1040,2.295979731208703
1040,1041,1.1496670756766854
1041,1042,0.06945718388617064
1042,1043,0.0780172539442264
1043,1044,0.34640364382621847
1044,1045,0.7168827912303689
1045,1046,0.07343947466793443
1046,1047,0.39707825935992996
1047,1048,0.5295655372051541
1048,1049,0.1777131250900874
1049,1050,0.2532698051063018
1050,1051,0.07341748566739768
1051,1052,0.7872850819352325
1052,1053,0.19920593472359233
1053,1054,0.5245161483430101
1054,1055,0.05639264584994666
1055,1056,0.10408099954268578
1056,1057,0.058000218686118446
1057,1058,0.05863962020500372
1058,1059,0.31549035625852756
1059,1060,1.7438562228078447
1060,1061,0.5856815777503667
1061,1062,0.1485509455778501
1062,1063,0.08003624938160435
1063,1064,0.1081092703472274
1064,1065,0.04078680835665518
1065,1066,0.30915096994443
1066,1067,0.1004766437400256
1067,1068,0.16008633422269164
1068,1069,0.05379660881924754
1069,1070,0.1671118954732307
1070,1071,0.05751383015599249
1071,1072,1.1066510643027978
1072,1073,0.11538238943042066
1073,1074,0.13965379365305897
1074,1075,0.07503269322032378
1075,1076,2.266538435177721
1076,1077,0.25993133000718077
1077,1078,0.6256931384948321
1078,1079,0.5159412838517917
1079,1080,0.04070359711225291
1080,1081,0.23241076892323626
1081,1082,0.14680551857861518
1082,1083,0.10541799499161501
1083,1084,0.43389356349918945
1084,1085,0.28919154429699184
1085,1086,0.31423020054281314
1086,1087,0.41176020992119194
1087,1088,0.3412465671606484
1088,1089,0.07548372980758614
1089,1090,0.03948336958447122
1090,1091,1.2261671194604473
1091,1092,0.25781743975599747
1092,1093,0.45912741835716303
1093,1094,0.48303052974585514
1094,1095,0.33644348727259027
1095,1096,0.37414566682936146
1096,1097,0.9758102714108625
1097,1098,0.5594348661171429
1098,1099,0.24685522688887857
1099,1100,0.13390872994103317
1100,1101,0.4255662618012798
1101,1102,0.4259609014590852
1102,1103,0.7151821512799825
1103,1104,0.4979356810786463
1104,1105,0.25852961413666986
1105,1106,0.7383722135591506
1106,1107,0.4624395175500513
1107,1108,0.27114841645123045
1108,1109,2.773430921571772
1109,1110,0.447248722805418
1110,1111,0.9069777500476398
1111,1112,0.1339540662616109
1112,1113,0.23328175779299232
1113,1114,1.0985656657498228
1114,1115,0.36430569922808004
1115,1116,0.11621655646603302
1116,1117,0.4032216310242808
1117,1118,0.1338432581563916
1118,1119,0.26145446891704294
1119,1120,0.19267965538966622
1120,1121,0.22583035946711846
1121,1122,0.0632421939732812
1122,1123,0.24528307401890598
1123,1124,0.30923534993361124
1124,1125,0.1042507290939116
1125,1126,0.8057721459739473
1126,1127,0.10605420875451545
1127,1128,0.3602796947432345
1128,1129,0.3115727152407943
1129,1130,0.43230479365858776
1130,1131,0.956370380701983
1131,1132,0.13918696230138342
1132,1133,0.2709573008189713
1133,1134,1.3725295272936797
1134,1135,0.8047375476036678
1135,1136,0.9255937422216204
1136,1137,1.019362321974616
1137,1138,1.1825026518024622
1138,1139,2.303842814560673
1139,1140,0.948876327490448
1140,1141,1.672626315606037
1141,1142,3.121293624868645
1142,1143,2.1316053132166215
1143,1144,5.742100385921447
1144,1145,6.403284487674262
1145,1146,2.6748278706688233
1146,1147,1.5361951673313756
1147,1148,4.9431655889106745
1148,1149,5.2724981646671445
1149,1150,6.231335131949219
1150,1151,5.257413715620068
1151,1152,4.956729498174005
1152,1153,4.733283524508847
1153,1154,4.692777186734609
1154,1155,4.724795109474212
1155,1156,5.7530952286580455
1156,1157,6.67163868315632
1157,1158,3.4852985653697592
1158,1159,4.70226558121044
1159,1160,7.0713229979546846
1160,1161,0.5478996528061795
1161,1162,3.396402145027669
1162,1163,2.2613468832082715
1163,1164,1.5782644089567723
1164,1165,3.799470526712623
1165,1166,0.5597868689036964
1166,1167,0.5761604444181313
1167,1168,1.4390269935308824
1168,1169,0.5485495822150299
1169,1170,1.0051986623400277
1170,1171,0.5895624575431497
1171,1172,0.607504864653201
1172,1173,1.1954147355621427
1173,1174,0.30421128979846995
1174,1175,0.8842802493482659
1175,1176,0.5460476270828153
1176,1177,0.29496942802764875
1177,1178,0.7205811470058802
1178,1179,0.9225412264640847
1179,1180,1.1773140213708047
1180,1181,0.6355097540572894
1181,1182,0.3823680783272604
1182,1183,0.28603868248740916
1183,1184,0.07607626929193036
1184,1185,0.2812654948484866
1185,1186,0.17569585381755812
1186,1187,2.3222577586667184
1187,1188,0.7391936666312555
1188,1189,0.2109948326225393
1189,1190,0.545210541049945
1190,1191,0.2258820154280266
1191,1192,0.265073360868031
1192,1193,0.18791634628740866
1193,1194,0.5739079016693686
1194,1195,0.6264114597619599
1195,1196,0.8852299295337159
1196,1197,0.9410485017340087
1197,1198,1.7943339686738515
1198,1199,2.527213440789117
1199,1200,1.5969797490891002
1200,1201,1.1861870777736878
1201,1202,0.32890158778334205
1202,1203,0.7638727447866513
1203,1204,0.4869934333952837
1204,1205,0.4150385199907959
1205,1206,1.0317486284596862
1206,1207,0.2574490687818345
1207,1208,1.334678897118538
1208,1209,1.6714825796392352
1209,1210,1.0619005608282222
1210,1211,0.9379692924313872
