,Loc,enr0,enr1
0,1,1.4961051749643788,0.6723207095906824
1,2,0.23501762632201348,0.23501762632196424
2,3,0.5797101449276332,0.5797101449275118
3,4,0.3241491085900056,0.32414910858993773
4,5,0.206398348813244,0.2063983488132008
5,6,1.0000000000001674,0.9999999999999579
6,7,0.6309148264985283,0.6309148264983961
7,8,0.21726701341498006,0.44075144550253476
8,9,0.3522483693743498,0.08406893652794939
9,10,0.5223614065294458,0.42005888937565516
10,11,1.0000000000001674,0.9999999999999579
11,12,1.0000000000001674,0.9999999999999579
12,13,1.0000000000001674,0.9999999999999579
13,14,0.10863661053776939,1.3296944686879493
14,15,0.64461451595506,0.7307608943474108
15,16,0.13986013986016327,1.188796031680613
16,17,2.046127594126642,0.14880952380951754
17,18,0.05629045876724837,0.2673766289478283
18,19,0.47323962941080827,0.9371750466977596
19,20,0.25046617070979815,0.10575950760876424
20,21,0.4712020100363732,0.4045914430594439
21,22,0.5114418993560196,0.5992059468642584
22,23,0.19924375559977356,1.2410731693464483
23,24,0.4909169046667813,1.0333888970359086
24,25,0.5069640944434787,0.7014043393900842
25,26,0.6942835391257677,0.8138763518700923
26,27,0.5579515643467888,0.942691310448052
27,28,0.7410190034203195,0.4469541131385265
28,29,0.9745162220753104,0.5392487379257854
29,30,1.0000000000001674,0.9999999999999579
30,31,0.5922944387974007,0.38121555483612923
31,32,0.6536748190802139,1.0841308754891563
32,33,1.7426183488584688,0.23612750885477168
33,34,0.7462674318877087,1.2748805983200657
34,35,0.4948031315732896,0.3184677045429548
35,36,0.6321828267575489,0.8190604176581106
36,37,2.3134760838293458,0.31347962382443817
37,38,1.0110539992913161,0.8558304448640365
38,39,1.0846953701866582,0.6542464565274462
39,40,0.5797101449276332,0.5797101449275118
40,41,1.0000000000001674,0.9999999999999579
41,42,0.4842615012107348,0.4842615012106334
42,43,1.0000000000001674,0.9999999999999579
43,44,0.3921568627451637,0.39215686274508155
44,45,1.0000000000001674,0.9999999999999579
45,46,0.3514938488577038,0.3514938488576302
46,47,0.6309148264985283,0.6309148264983961
47,48,2.058574255903937,0.278940027893991
48,49,0.5797101449276332,0.5797101449275118
49,50,1.0000000000001674,0.9999999999999579
50,51,5.622331415491137,0.5319148936169988
51,52,1.0000000000001674,0.9999999999999579
52,53,0.46284030777144014,0.06271558482282583
53,54,0.4140786749483094,0.4140786749482227
54,55,0.8064516129033606,0.8064516129031918
55,56,1.0000000000001674,0.9999999999999579
56,57,0.5319148936171103,0.5319148936169988
57,58,0.7722007722009014,0.7722007722007397
58,59,0.4237288135593929,0.4237288135593042
59,60,0.5797101449276332,0.5797101449275118
60,61,0.49504950495057787,0.49504950495047423
61,62,1.0000000000001674,0.9999999999999579
62,63,1.0000000000001674,0.9999999999999579
63,64,0.33500837520943627,0.3350083752093661
64,65,3.3790277046031374,0.8064516129031918
65,66,1.0000000000001674,0.9999999999999579
66,67,0.7722007722009014,0.7722007722007397
67,68,0.4237288135593929,0.4237288135593042
68,69,0.26490066225169995,0.2649006622516445
69,70,1.0716098091324529,0.255754475703314
70,71,0.40374266849210605,0.18143414107174066
71,72,0.49349191606505566,0.49708337792926066
72,73,0.053633681952275,0.2547570830387863
73,74,0.666063962763142,0.7671382334401068
74,75,0.6887491516591825,0.31800045685301576
75,76,0.572349694793242,0.5765101672642043
76,77,0.28717800426483897,0.40823249254819405
77,78,0.47061367146586536,0.7119226802106317
78,79,0.16738463840815632,0.3626623587555179
79,80,0.45804980260748995,0.47778480559934633
80,81,1.0000000000001674,0.9999999999999579
81,82,1.0815516581997418,1.211505096920458
82,83,0.7690732476751357,0.35508667201254934
83,84,1.0000000000001674,0.9999999999999579
84,85,0.8179630679247489,0.7024856535100701
85,86,0.6894651967007733,0.5978074086893861
86,87,1.0343110726312232,0.9988973428644867
87,88,0.5857285381269876,0.20234060972345772
88,89,2.241235115326982,1.3854754077451317
89,90,0.16025641025643705,0.1602564102564035
90,91,0.4758213222060357,0.7891578068518745
91,92,0.5982159328364482,0.9206409151578491
92,93,0.6014863268823725,0.20778415631050615
93,94,1.017227940374309,1.1715908513461588
94,95,0.06355258976804368,0.06355258976803037
95,96,0.8314990154159366,0.9728089602219199
96,97,0.17211703958694788,0.17211703958691182
97,98,0.06383657835941062,0.5426039978625204
98,99,0.11630796262894906,0.5479452938456348
99,100,0.1989434628160462,0.44823217528845566
100,101,0.226310601270028,0.3753400056507996
101,102,0.13388702200696248,0.5109373189816515
102,103,0.4842615012107348,0.4842615012106334
103,104,0.545453710821553,0.35106768760222984
104,105,2.3922167609126785,0.32414910858993773
105,106,0.6521391990206834,0.7392911771608047
106,107,1.0000000000001674,0.9999999999999579
107,108,0.28483167531515297,1.34039029750366
108,109,0.5873037215952076,0.6867611747739732
109,110,0.6750809432425569,0.48213618686468
110,111,0.6687746321495309,0.5377976353379553
111,112,0.6627740195254255,0.0898069151324614
112,113,0.6552948917899376,0.2101073198990578
113,114,0.934767410692288,0.12666244458517517
114,115,0.8901038367261757,0.3999954369059512
115,116,0.20512820512823945,0.2051282051281965
116,117,0.2488120162534377,0.5047441583442033
117,118,0.14044943820227068,1.193805003724211
118,119,0.17543859649125743,0.1754385964912207
119,120,0.2224694104560995,0.2224694104560529
120,121,1.7122943636695156,1.9721326279620375
121,122,0.9949332440326363,0.07235890014471474
122,123,0.03336670003337228,0.28361333421809753
123,124,0.7836977732990044,0.2707293139503089
124,125,0.15637216575452187,0.15637216575448912
125,126,0.3998086215370124,0.09541984732824024
126,127,1.0480895449800034,0.4709911564956043
127,128,0.19860973187689518,0.1986097318768536
128,129,0.1167542323409419,0.11675423234091745
129,130,0.8191582314189424,0.19550342130986467
130,131,0.5797101449276332,0.5797101449275118
131,132,0.5633802816902351,0.5633802816901171
132,133,0.6288869797542066,0.404767431892473
133,134,1.0000000000001674,0.9999999999999579
134,135,0.2553187582568972,0.553183995763044
135,136,1.6187264009783813,1.1695974758024439
136,137,0.8073973830024095,0.7187221129931047
137,138,0.3746187161124677,0.2411140006730036
138,139,0.06375518010839447,0.06375518010838112
139,140,0.040783034257755604,0.805046052642292
140,141,0.14104372355432543,0.6699500441830988
141,142,0.10157440325039788,0.863371419656311
142,143,1.3557400389146663,0.6802634354955087
143,144,0.5479452054795437,0.547945205479429
144,145,0.9513710693472788,0.43925489267082624
145,146,0.118343195266292,0.11834319526626721
146,147,0.2897644781264101,0.06915629322268034
147,148,0.28807111403973124,1.099331962704076
148,149,0.7565262988706579,0.38037824859406494
149,150,0.5347828515620205,0.4300476411088481
150,151,0.8217970503068536,0.8899303105719184
151,152,0.702147534246779,0.4696037403150003
152,153,0.5989459482125132,0.21830978878942808
153,154,0.22325016126856687,0.6854912222655337
154,155,0.3269097987781002,0.5421854965347762
155,156,0.33845396502708613,0.21783745990635958
156,157,0.4848303316038569,0.5649607673379795
157,158,0.989372928856645,0.23612750885477168
158,159,0.3165843863776268,0.6422283057435877
159,160,0.21743613667399533,0.05189413596263403
160,161,1.0099138767925842,0.8989965173905674
161,162,0.4558974794532385,0.8514008717183091
162,163,0.2847532658638218,0.39485081566729224
163,164,0.3080274895215703,0.7676953246537725
164,165,0.19505983978627162,0.9608936451628826
165,166,0.4640883809055647,0.22562132633738938
166,167,0.825342697317463,0.40331315722503397
167,168,0.7193619826197216,0.7245543414389226
168,169,0.9264772832331655,0.13380129051431466
169,170,0.6854541442477051,0.5707287875422739
170,171,0.33098463877203754,1.1792122493960995
171,172,0.5097242633356884,0.6340608436958648
172,173,0.34047861058202056,0.4411264292282247
173,174,0.3747607128664833,0.7965712926133117
174,175,1.8255583870679337,0.17271157167529497
175,176,0.7263847815468947,0.4659414952396202
176,177,1.0000000000001674,0.9999999999999579
177,178,1.0576904986135915,1.5035400419990823
178,179,0.7830607277440115,0.8000096591104874
179,180,0.7232454319931269,0.2923754604278901
180,181,1.3647790835369544,0.5237901224966036
181,182,0.6558841370736662,0.976782804340313
182,183,0.946393666329742,0.7112163051224909
183,184,0.5693572435830657,0.817380091544058
184,185,1.0000000000001674,0.9999999999999579
185,186,0.38475613899980626,1.1239520279405486
186,187,0.3445235678332248,0.277049922637431
187,188,1.218371681969897,0.1759565035472558
188,189,0.8556840016980438,0.2019105552925896
189,190,0.7205169094153603,0.06816632583503461
190,191,0.6861397637860003,0.7945366818742339
191,192,0.34721188931618974,0.39990080576412057
192,193,0.5726771108925879,0.3540146450027648
193,194,0.38521334891140924,0.35317277538007014
194,195,0.3907593155381245,0.6741631099353553
195,196,0.4452547255020235,0.10506405249409799
196,197,0.5817886249440768,1.2605268740662818
197,198,0.03721622627466198,0.5950793970052396
198,199,0.34482758620695425,0.34482758620688203
199,200,0.05157297576071002,0.43836470482291817
200,201,0.3270877715618962,0.0780640124902387
201,202,0.6925610501996512,0.16528925619834012
202,203,0.2935615940774414,0.47187628423539385
203,204,0.3184713375796711,0.3184713375796044
204,205,0.1915708812260857,2.344796472082869
205,206,0.4153480884207125,0.4839948316976585
206,207,0.053319114902701525,0.6526173065461249
207,208,0.4116556112645512,0.4457850096256055
208,209,0.7796392267660532,0.6679720971961789
209,210,0.6532478452548118,0.5017400601991958
210,211,0.5271978836366091,0.778418150097881
211,212,0.46293551986383813,0.3309753649176542
212,213,0.38314500640288723,0.5077412170220996
213,214,0.556922565775252,0.6498734271419896
214,215,0.32835767003059185,0.2029824866033763
215,216,0.7103314285974474,0.5591358048116821
216,217,0.7225153341207492,1.13992456718121
217,218,0.714108777594561,0.4997879280980837
218,219,0.36031003381233734,0.7400479953480178
219,220,0.9126342623493334,0.7073443110480196
220,221,0.8469879844517222,0.3843313696372755
221,222,0.9336483505291877,0.5399358787898764
222,223,0.3946544390027257,0.5583020086331076
223,224,0.44440039909745127,1.1044632464384831
224,225,0.5554935746236564,0.5539178695464522
225,226,0.6862987357606594,0.8247382895403622
226,227,0.4486311790491367,0.4916501533160788
227,228,0.8688469389995116,0.7901951325361031
228,229,0.793813110882791,0.2225841524488365
229,230,0.06978367062108634,0.06978367062107173
230,231,1.0000000000001674,0.9999999999999579
231,232,0.2290950744559375,0.22909507445588953
232,233,0.03453038674033727,0.29350454511451596
233,234,1.0000000000001674,0.9999999999999579
234,235,0.27376637397634046,0.0653381247958156
235,236,0.29813480989876484,0.5093164575899223
236,237,0.6756756756757888,3.2094228467960613
237,238,0.5872975374830443,0.2596511965462325
238,239,0.22753128555180147,0.2275312855517538
239,240,0.2832861189802174,4.529683682020053
240,241,0.7792099565885245,0.35016187344328564
241,242,0.5131268452701115,0.5031794343815701
242,243,0.3005734830493465,0.6097483232795109
243,244,0.03751641343088228,0.17820093090445208
244,245,0.5004846429253029,0.7935800773597594
245,246,0.3329292356545045,0.11501079450988308
246,247,0.6309148264985283,0.6309148264983961
247,248,0.9643255129362235,1.9562466344111356
248,249,0.3991040590467372,0.28836936233414007
249,250,0.3286716250156814,0.7405179107221612
250,251,0.47561773082023623,0.6761054428590637
251,252,1.0475079409526793,0.5391249718624561
252,253,0.9020822827670393,0.7165486622240997
253,254,0.4653726823025002,0.28069487224665646
254,255,0.4050577911907774,0.03832151753209266
255,256,0.5397439620228079,1.0688761916311444
256,257,1.0193170516428418,1.1104253714316172
257,258,0.133032694139984,0.8286498457429914
258,259,0.37766072425011166,0.2728756567667501
259,260,0.3785607172533424,0.23018030247809262
260,261,0.4932405827761837,0.6925233247167873
261,262,0.47011310338986395,0.5489289584074872
262,263,0.5179169797030194,0.5402313505111451
263,264,0.24759857252572817,0.5502383467802111
264,265,0.5825869020419338,0.21680697164595827
265,266,0.4846916104789344,0.7791021740144035
266,267,0.7621234077769989,0.21811371892523435
267,268,0.3834741773908038,0.1924140719075582
268,269,0.7057890827168445,0.2394334425718422
269,270,0.4853774689073619,0.3328084794990277
270,271,0.4917731556699225,0.571880665147739
271,272,0.7114563976626561,0.28616281932201026
272,273,0.3395439938999592,0.7356698135509908
273,274,0.8506017588945891,0.06186204763377407
274,275,0.5966241301942476,0.5469992161872921
275,276,1.0000000000001674,0.9999999999999579
276,277,0.07163323782236156,1.1453999568431794
277,278,0.33627563031363483,0.08025682182985215
278,279,1.0000000000001674,0.9999999999999579
279,280,0.4326271919161477,0.10325245224573647
280,281,1.0000000000001674,0.9999999999999579
281,282,0.8109688842542633,0.2801501511800749
282,283,0.16447368421055383,0.1644736842105194
283,284,0.6094537241756932,0.14545454545453934
284,285,0.4891995742799639,0.9923983218349542
285,286,0.28575244825961976,0.736134657523747
286,287,0.5274457261875143,0.32070843925776427
287,288,0.5790028112110274,1.4075245379548864
288,289,1.2085226365892843,0.3123237783030087
289,290,1.8185452574841277,1.7504794661451526
290,291,1.2835086483668814,1.3863691297809941
291,292,1.0924251497260005,0.6490041899405977
292,293,0.9428417934652448,0.2939442263273913
293,294,1.0664355507852195,0.5292910374357364
294,295,1.1284464521556747,1.3486263644736367
295,296,1.3968463360210588,0.4895657901097228
296,297,0.5624480852529687,1.4227587244400535
297,298,0.8586780875856018,1.1544019263031262
298,299,0.9267198989397635,0.8387974707344868
299,300,1.0670468315883264,1.0690527167329937
300,301,1.4726108717920492,1.3516461790772034
301,302,0.9348551009682984,0.7913300946397674
302,303,0.5140518129318683,1.1786452511651908
303,304,0.9944772637454753,0.7473512030066236
304,305,0.5319148936171103,0.5319148936169988
305,306,0.33907598012476975,0.9069482752487479
306,307,0.5650700409585826,0.13486176668913794
307,308,0.535471904824117,0.7611900185582661
308,309,0.44555422899102476,0.42056242497450785
309,310,0.8099635608364918,0.5407475688333176
310,311,0.40762364733628315,0.5493488359599104
311,312,0.7426450823776184,0.9404955264513508
312,313,0.44438781070089556,0.33089815121597516
313,314,0.44573008252174084,0.12498212901613397
314,315,0.43917063076561597,0.6540397854674168
315,316,1.2294715453081921,0.02105263157894648
316,317,0.4301986881425904,0.4626277052304869
317,318,0.6110472009272636,0.791676955489724
318,319,0.7715752829502004,0.7261794459482194
319,320,1.1616206667252122,1.1181427111500266
320,321,0.25767876794547384,0.2983870693386781
321,322,0.2790016097012679,0.844894436453545
322,323,1.0352504040583426,0.22951129916130836
323,324,0.8124145324344085,0.33088015307875396
324,325,0.3920164627948976,0.5627862925385317
325,326,0.23744767069804193,0.3591998966085766
326,327,0.5400379869553225,0.856296778579031
327,328,0.19844143548527807,0.5112103817103802
328,329,0.22163940157524295,0.4139175762379744
329,330,0.3942156067867536,0.6121009497953938
330,331,0.8037518921919138,0.6384421400491429
331,332,0.6974373539199104,0.05072279989855226
332,333,0.18018018018021034,0.1801801801801726
333,334,0.14353765841516317,0.31099452295109964
334,335,0.47684649644584814,1.821508216843954
335,336,0.40482528415335833,0.47269544278801157
336,337,0.37227848544716935,0.08884940026654448
337,338,0.19510813218501777,0.6410616079062267
338,339,0.6742794616186033,0.4339831716087867
339,340,1.1504742060041844,0.24908107330450938
340,341,0.05648121999436133,0.0564812199943495
341,342,0.41208510959545175,1.6459806775568901
342,343,0.3965615080909946,0.6045035209807229
343,344,0.41937429458221837,0.33312048744855804
344,345,0.42853977636634655,0.9336855840614887
345,346,0.054481067828938565,1.0754415260576955
346,347,0.14044943820227068,0.6671272209632262
347,348,0.11396693468537714,0.7406397655869279
348,349,0.6220873440008364,0.6689812134263069
349,350,0.4238172531814589,0.659956459851119
350,351,0.5280248486533747,0.6727550152581947
351,352,0.13407981931865248,0.9913461374419718
352,353,0.19860973187689518,0.1986097318768536
353,354,0.22575400612650273,0.45796829884247753
354,355,1.4017353567429671,1.6334074646908563
355,356,0.7148415613481172,0.6363315614386573
356,357,1.233181832513994,0.7623221189700792
357,358,0.15686274509806544,1.3333163335711973
358,359,0.10815679797903693,0.6063416371721015
359,360,0.18480001771417584,0.21284316079920826
360,361,0.18828903450479942,0.40795467272689845
361,362,1.0000000000001674,0.9999999999999579
362,363,0.3095727203375084,0.7646181623352657
363,364,0.3584255221307006,0.0855431993156508
364,365,0.6301547860921648,0.38954590405666284
365,366,1.0000000000001674,0.9999999999999579
366,367,0.12262415695894141,0.12262415695891574
367,368,0.08361204013379324,0.710693279809062
368,369,0.3437494274804943,0.324468007255089
369,370,0.3472779460009744,0.7283602929239062
370,371,0.9448418142711109,0.24417959283299
371,372,0.5176794686883498,0.5076438012289829
372,373,0.5094722590175551,0.256160514025292
373,374,0.5107993395333883,0.3047523333162105
374,375,0.056996295240818874,0.2707293139503089
375,376,1.4428098040431308,0.8919088800122124
376,377,0.7673308937294618,0.8885544525787713
377,378,1.0511589133943748,0.8897781929587109
378,379,0.7083965704549734,0.8237910045095717
379,380,0.12217470983508458,0.12217470983505899
380,381,0.5895578433486084,0.5938484394905122
381,382,0.1469507714915749,0.14695077149154415
382,383,0.5946807983413065,0.08058017727638661
383,384,1.2474206028158143,0.07363770250367878
384,385,0.38475613899980626,1.468299669194746
385,386,1.0000000000001674,0.9999999999999579
386,387,0.6681232960413526,0.23080397537697622
387,388,0.9173863294120457,0.03933910306844838
388,389,0.04737091425865311,1.2898920408244152
389,390,0.5535895666149366,1.0022410535153528
390,391,0.49585205310245345,0.98195531849273
391,392,0.2306630527777534,1.2931282699723212
392,393,0.04682744088036372,0.22242780675524093
393,394,1.705938749872987,0.10070493454178832
394,395,0.3990899002038146,0.4675519571450583
395,396,1.0000000000001674,0.9999999999999579
396,397,0.4842615012107348,4.116170279184689
397,398,0.6921336787022986,1.4189790646913105
398,399,0.29395703668104767,0.6404620122074676
399,400,0.6211433567553619,0.6483634714967377
400,401,0.29652184491899297,0.6321990718526372
401,402,0.3508693410571408,0.7970061810600255
402,403,0.8175238639114208,0.7410584192889367
403,404,0.06731740154831149,0.06731740154829739
404,405,0.31760766409625407,0.14272673717722867
405,406,0.2132119629071777,0.8516269163758795
406,407,0.38648801819406203,0.4451370320249481
407,408,1.2071162120765753,1.3228658605396915
408,409,0.5211641719079996,0.1229759433853248
409,410,0.49287086954433407,0.9013548674734252
410,411,0.060006000600070046,0.5100445020411871
411,412,0.10231510754770017,0.48148499387660926
412,413,0.4896724530584007,0.49320691156689495
413,414,0.7484059109181431,0.6231442346833733
414,415,1.0000000000001674,0.9999999999999579
415,416,0.5686508969263424,1.1330513379664209
416,417,0.525146791550014,0.7339829186107688
417,418,0.4482605199797853,0.8371386433752757
418,419,0.3789524297933023,0.6185158728874498
419,420,0.47990842502262593,0.38592016465454637
420,421,1.0286894348196722,0.6154768773495929
421,422,0.6768703919891655,0.6135606859854585
422,423,0.2287304728782152,0.4955767363251445
423,424,1.1633804187405439,1.9196537002533318
424,425,0.6934332944640837,0.026157467957100645
425,426,0.20344716454032002,0.23063587342841324
426,427,0.42357235255042447,0.809176376537603
427,428,0.5022562632988042,0.581603116382636
428,429,1.2654845538583057,0.6152282954032622
429,430,0.4264669381127027,0.34294499199178463
430,431,0.4483675070848465,0.5082874064481723
431,432,1.1790276699524078,0.11154489682096573
432,433,1.0573049724091137,0.1432664756446931
433,434,0.37557194439774116,0.05089058524172814
434,435,0.36167409181768584,0.08631851532153283
435,436,0.7023244558885937,0.0664451827242497
436,437,1.109932279127918,0.2649006622516445
437,438,0.38387715930908534,0.38387715930900496
438,439,0.5852703799071616,0.4706473768835207
439,440,0.7944369080137795,0.3570045707071154
440,441,0.2625309745431009,0.2976156524597851
441,442,0.21574973031287323,1.02479952821104
442,443,0.084423807513733,1.0333336922138097
443,444,0.9249435659399319,1.0485531596596405
444,445,0.09358914365935117,0.7954975785228248
445,446,0.7147688820741515,0.4600431780395323
446,447,0.8064516129033606,0.8064516129031918
447,448,0.8165703017822862,1.0697524290257145
448,449,1.0000000000001674,0.9999999999999579
449,450,0.9923572166599202,1.1579825005692488
450,451,0.6226958743298853,0.5270955730517757
451,452,0.7347035764109556,1.2551255690113392
452,453,0.06724949562879402,0.06724949562877995
453,454,2.1516002062436193,0.29154518950436087
454,455,1.7080717307491968,0.5900553805289652
455,456,0.5089058524173881,0.5089058524172815
456,457,1.465737578434084,0.1986097318768536
457,458,0.7491613747654069,0.8741970608130709
458,459,0.2247191011236331,0.22471910112358603
459,460,0.48607823128861843,0.986066313981019
460,461,0.3184713375796711,1.512721596579035
461,462,0.09886307464163789,0.0988630746416172
462,463,0.4758213222060357,0.5480265394272329
463,464,0.16680567139285524,0.16680567139282032
464,465,0.14367816091956426,1.7585973540621513
465,466,0.09478672985783576,0.4502318306405848
466,467,0.6623600752820294,1.2653472835342388
467,468,0.1951103307896573,1.2679683809920095
468,469,0.63407983538181,1.0171722161649261
469,470,0.9074090312292291,0.4189573022170999
470,471,0.6656189665664108,1.4191321822706053
471,472,0.824778555457426,0.19430544351391893
472,473,0.9282197075406837,0.4285657417462386
473,474,0.9227478438088459,0.6825624553716725
474,475,0.4272169467929481,0.7298329974847666
475,476,0.3363441236223321,0.2430226860770887
476,477,0.6427475257600083,0.7442893027833734
477,478,0.47247046782430296,1.0236737130301399
478,479,0.2902650425728855,0.6289000353011126
479,480,0.1366376766250739,0.5214343191759592
480,481,0.14652014652017104,0.14652014652014034
481,482,1.0000000000001674,0.9999999999999579
482,483,0.14760147601478482,0.7010990130270361
483,484,0.3589488670921991,0.23102849286275146
484,485,0.8311298984288391,0.19611667271916478
485,486,0.9569633538327585,0.7671497261811677
486,487,0.43290043290050534,0.4329004329004147
487,488,0.4402937557533785,0.9164528141451098
488,489,1.1558744310809792,1.176927352487884
489,490,1.2281858535659842,0.5186022956995963
490,491,0.5053690867016336,0.2535767191681499
491,492,0.3502526989814692,0.5630026048134685
492,493,0.6801771185543385,0.588095896076532
493,494,0.12012012012014023,0.5705640616526331
494,495,0.6600051864579043,0.530745652607954
495,496,0.14255167498220486,1.2116737885269253
496,497,0.23964892701463264,0.03247280402662633
497,498,0.7643696227255942,0.1035732780942473
498,499,0.2587322121604572,0.25873221216040304
499,500,0.1115448968209891,0.11154489682096573
500,501,0.05897965202006295,0.5013206503400993
501,502,0.05396654074474729,0.05396654074473599
502,503,0.38387715930908534,0.38387715930900496
503,504,0.13306719893548466,0.6320619844654917
504,505,0.17064846416385107,0.17064846416381532
505,506,0.40239851185472264,0.25899377389630157
506,507,0.17953321364455424,0.17953321364451666
507,508,0.3633993368350295,0.08673026886382981
508,509,0.31347962382450384,0.31347962382443817
509,510,0.24360535931794575,0.2436053593178947
510,511,0.2224694104560995,0.2224694104560529
511,512,2.074254630548461,0.49504950495047423
512,513,0.17543859649125743,0.1754385964912207
513,514,0.11031439602870018,0.11031439602867708
514,515,0.2197802197802565,0.21978021978021048
515,516,0.09587727708534681,0.09587727708532673
516,517,0.17376194613382573,0.17376194613378934
517,518,0.35284162978592765,0.08421052631578592
518,519,0.2725199579647409,1.2838848267179837
519,520,0.40818521611812025,0.8843906746421896
520,521,1.2699379567598528,0.4071804371983896
521,522,0.16028482919286277,0.7539509592213306
522,523,0.3633993368350295,1.0615644045336143
523,524,1.8834220330963203,0.04797313504437313
524,525,0.2293213995700387,0.41937954237256825
525,526,0.44761128738670786,0.5931715042935327
526,527,0.5038895174208061,0.5180726520197606
527,528,0.4557889386527889,0.3498771753692738
528,529,0.5742028775840134,0.6728752534921715
529,530,0.2916410740507663,0.5979084549938853
530,531,0.8312229725059421,0.5699441595983171
531,532,0.27789230328061654,0.4833694206148034
532,533,1.0493158985928004,0.4241910220433867
533,534,0.6545031416044753,0.7197935049932697
534,535,0.31331838743377083,0.6204767228393164
535,536,1.0320849963998322,0.37618462609056796
536,537,0.38021580151548756,0.05151983513652539
537,538,0.13157894736844306,0.1315789473684155
538,539,0.6287894372339682,0.2786647507412127
539,540,0.3176889924889886,0.6262427653782773
540,541,1.45885755399323,0.5429069675880495
541,542,0.7402671866972166,0.21565454387045824
542,543,0.8383555394188962,0.47042087609234856
543,544,0.40553591860234267,0.4361058194332634
544,545,0.31907201741149954,0.8095538282321549
545,546,0.5183899124782342,0.7682362330331735
546,547,0.5513717730316541,0.4105600917385399
547,548,0.2869938382059011,0.6377864519154823
548,549,0.3620797217256362,0.4210607872950832
549,550,0.8990007805050532,0.33455890622584594
550,551,0.4214727988244211,0.057110222729866246
551,552,1.0265007415103422,0.6345570456525855
552,553,1.0000000000001674,0.9999999999999579
553,554,1.1066380227389163,0.6840959055546385
554,555,0.3395585738540466,0.3395585738539755
555,556,0.3878081296592545,0.24960303800620967
556,557,0.33181550968837975,0.26683068989221104
557,558,0.885868031585952,0.4559331332307301
558,559,0.611298738315728,0.3291094658337097
559,560,0.41483916286765676,0.2670008888846639
560,561,0.21097046413505638,0.21097046413501222
561,562,0.12618296529970563,0.1261829652996792
562,563,0.26451984556236685,0.7727170192091272
563,564,0.09225092250924052,0.0922509225092212
564,565,0.6756756756757888,0.6756756756756472
565,566,0.3241491085900056,2.7552322938464777
566,567,0.30534351145043276,0.3053435114503688
567,568,0.0877577885037444,1.0741410780405947
568,569,0.5633802816902351,0.5633802816901171
569,570,0.8839650535248714,0.21097046413501222
570,571,0.9849554034764351,0.07163323782234655
571,572,2.373532874672184,0.8651289187294029
572,573,0.48386680140375976,0.7206040586849222
573,574,0.5263312656901897,0.9625467390107695
574,575,0.48945309986243163,0.13724200558388241
575,576,0.2963850886512295,0.19076087603446468
576,577,0.15936254980082348,0.1593625498007901
577,578,0.45454470851342266,0.9001527597290382
578,579,1.1813309797825298,0.873838047498082
579,580,1.1536283253166388,0.16660630702413784
580,581,0.8167374051678792,0.523898431588329
581,582,0.43280022530951295,0.5350648176855219
582,583,0.6482464241221646,0.7205454711781887
583,584,0.9348551009682984,0.9416586499918707
584,585,0.5580261854863592,0.6533913750634986
585,586,0.5772173321135498,0.5094144457874356
586,587,0.7901759488386081,0.7893669287688662
587,588,0.6649381134234479,0.6581282978690772
588,589,0.1666333010025011,0.4867702360020908
589,590,0.12292562999387428,0.12292562999384854
590,591,0.4900173106924542,1.005760329815596
591,592,1.1838120906182552,1.69950316063616
592,593,0.36406558749707196,0.6657976960039031
593,594,0.7150899222525586,0.8378002163998692
594,595,1.0638771374589346,0.8135543767093985
595,596,1.151988852515958,0.49564025415041857
596,597,0.552865770682607,0.2976504727760757
597,598,0.6488708748019634,1.069483173347351
598,599,0.13757024527556114,0.8776228177465437
599,600,0.4498932250030688,0.8273531332652942
600,601,0.917589319508254,0.9311190504822788
601,602,0.4732134840433077,0.17248156709651752
602,603,0.5792778693858962,1.1994075006719893
603,604,0.2893243681453034,0.8304480181228717
604,605,1.0126386135305525,0.5674418767179717
605,606,1.1713841922072772,0.6335110046357926
606,607,1.048215605050455,0.49771238777910143
607,608,0.6278281006128427,0.44496529343443314
608,609,1.0000000000001674,0.9999999999999579
609,610,0.9771672316491016,0.928837994781527
610,611,1.0000000000001674,0.9999999999999579
611,612,0.5941571771816041,0.8163122321886852
612,613,0.48825397856286956,0.4608670816408931
613,614,0.5379000515609048,0.8921164420023744
614,615,0.7588232952115673,0.6587721532570551
615,616,1.6431350406697611,0.39215686274508155
616,617,0.6484043609590583,0.9713090784821801
617,618,0.7532302805161659,0.7490916392654446
618,619,0.9491818209054592,0.7021158365400609
619,620,0.15564614984056058,0.45467450164459783
620,621,0.8389481165180191,0.6684972556789475
621,622,0.7896822441124608,0.12629475706615714
622,623,0.3209871006450232,0.6209542718310369
623,624,0.3762678993309478,0.6524639868368809
624,625,0.820166264214229,0.87929018977176
625,626,0.35566418604581057,0.5105982723949561
626,627,0.5165345441443823,0.8190291736129574
627,628,0.5826236936273187,0.683324225650901
628,629,1.0000000000001674,0.9999999999999579
629,630,0.1208187529904236,0.35293649320278475
630,631,0.7267979396123901,0.5411851737022345
631,632,0.38973737951374665,0.537070440246834
632,633,0.3165613375598483,0.36657195520432984
633,634,0.04721435316336956,0.40131688510464514
634,635,1.005229011994611,0.0951022349025162
635,636,0.40090965526733685,1.17502623914514
636,637,0.142146410803151,1.2082290869248589
637,638,0.5633802816902351,0.5633802816901171
638,639,1.1333418535726432,0.6200637415042877
639,640,0.28302928887499956,0.3259785858683176
640,641,0.4962087945224507,0.9306372673065167
641,642,0.4988615737111689,0.41300805372066435
642,643,0.33587728810935424,0.43516492419087405
643,644,0.7370002322329521,0.7219735963763889
644,645,0.27182674710359617,0.7966971015831714
645,646,0.27045536499143863,0.733924326536161
646,647,0.37119613018525693,0.4331490876645254
647,648,0.7292340323084556,0.5918469808556
648,649,1.1321575018484906,0.5696472290269746
649,650,0.6242817844610477,0.7284749581034955
650,651,1.1821165677676513,0.8648338146782164
651,652,0.5318465360875543,0.623240298437003
652,653,0.26631158455397264,0.2663115845539169
653,654,0.6637352000705391,0.29826975279486156
654,655,0.364508214394685,0.8324010899518777
655,656,0.7496441887321514,0.07092198581559984
656,657,0.9691082013292608,0.17364086321543304
657,658,0.724964544658665,1.0966929627936066
658,659,0.59700553861188,1.1149239881835074
659,660,0.6309148264985283,0.6309148264983961
660,661,1.0000000000001674,0.9999999999999579
661,662,0.06570302233903859,0.06570302233902484
662,663,0.17211703958694788,0.17211703958691182
663,664,0.5150576956002324,0.12292562999384854
664,665,0.5307435244455673,0.07191657677094267
665,666,0.3911769556927027,0.3107225689376367
666,667,0.4339714504099316,0.1035732780942473
667,668,1.5569596429146864,0.21097046413501222
668,669,0.6817365794472667,0.6024421753829033
669,670,1.0000000000001674,0.9999999999999579
670,671,0.5029222340040129,0.28475881315457735
671,672,0.8053240915662775,0.247539026202195
672,673,0.5736705481024966,0.5145750524637933
673,674,0.4628908011756097,0.523150384033701
674,675,0.03511852502195495,0.42984504246786914
675,676,0.9657362321720727,1.118304027800144
676,677,0.46488117841988114,1.9514687744920705
677,678,0.08288437629508223,0.7045082160394845
678,679,0.5760359209271485,0.669869434333087
679,680,0.20811541403107847,0.4820626064045427
680,681,0.6360500292372868,0.3479899376075628
681,682,0.14412303055799475,0.7290597466472439
682,683,0.6490625152670149,0.2916761322234062
683,684,0.6662722433132255,0.6289000353011126
684,685,0.5384371858913766,0.47709302374423096
685,686,0.08699434536756566,0.4132184265557347
686,687,0.3832998108753156,1.3099747337428063
687,688,1.0722463674311782,1.0503844262712763
688,689,1.1108184386654592,0.026167735182518848
689,690,0.14044943820227068,0.6671272209632262
690,691,1.0000000000001674,0.9999999999999579
691,692,0.49504950495057787,0.49504950495047423
692,693,1.2157362893484558,0.4199775254870177
693,694,0.5153626950483344,0.2585911660029322
694,695,0.6549167626830692,0.5829882154928591
695,696,1.0000000000001674,0.9999999999999579
696,697,1.0000000000001674,0.9999999999999579
697,698,1.0000000000001674,0.9999999999999579
698,699,1.0298897522641588,0.6785902199378897
699,700,1.602421749808376,0.8592160467174622
700,701,1.1302474886958827,1.001478363847675
701,702,1.0000000000001674,0.9999999999999579
702,703,0.44731295279040856,0.73241586334555
703,704,0.7197680665758837,0.6015412406860373
704,705,0.5394604352122868,0.3280138706759366
705,706,0.9248447548544201,1.3773354197231737
706,707,0.6861914186346456,0.092980009297997
707,708,1.0000000000001674,0.9999999999999579
708,709,0.6124743399515221,1.0106226768635072
709,710,0.5378506562169645,0.5894248325555228
710,711,0.4402847866805734,0.5158136390035585
711,712,0.6642375159078565,0.5036899916612567
712,713,0.8337018156226048,0.9767660538990108
713,714,0.20597674230441218,0.3518788858369742
714,715,0.04941932295528378,0.04941932295527343
715,716,0.39270320210586185,0.5312060277370932
716,717,0.4685680957403888,1.2106455057781775
717,718,0.5149466412069262,0.6034362857862133
718,719,0.6318570825700822,0.44939845507660225
719,720,0.5551049867568247,0.6481699829041515
720,721,0.8658304005233203,0.4344437325078653
721,722,0.8767406855377387,0.6964191375231178
722,723,1.0663030191958924,0.3683556272398736
723,724,0.5574936766352906,0.38225635662277757
724,725,0.6002857240269184,2.290799913686359
725,726,0.3661234174272025,0.6837453831239695
726,727,1.0000000000001674,0.9999999999999579
727,728,0.47169811320762606,0.4716981132075273
728,729,0.6046167898568385,1.2265355882419025
729,730,1.5824354774627518,0.7940113616549633
730,731,0.14836795252228002,0.14836795252224894
731,732,0.17527690247679942,0.3555696141609028
732,733,0.042535091450453734,0.042535091450444824
733,734,0.046425255338912126,0.2205174472264703
734,735,0.4085241465494389,0.47051711190237383
735,736,0.5748906640520114,0.7747723155046731
736,737,0.8493923444689698,0.5745450592749963
737,738,0.40471558581933714,1.2881642459033293
738,739,0.46167211448453094,0.043677658877482324
739,740,0.7531367871451667,0.4054718751751182
740,741,0.1666333010025011,0.4867702360020908
741,742,0.3967735864201942,0.053763440860212786
742,743,0.8676041887958392,0.24327507366239032
743,744,1.2857123183650894,0.8275166922052561
744,745,0.10357327809426899,0.1035732780942473
745,746,0.44124125985841106,0.7386613579832217
746,747,0.24687569919708835,0.46104704451218037
747,748,0.7345362576152702,1.5405730479596507
748,749,0.44048065951742843,0.18599325222136504
749,750,0.41749776429423924,0.5789199020097895
750,751,0.2501489166392771,0.05970149253731092
751,752,0.5955926586649454,1.2082290869248589
752,753,0.05662514156286338,0.05662514156285152
753,754,0.5445637847049632,1.5960621738826182
754,755,0.6864691678747395,0.04992511233150064
755,756,0.1454545454545698,0.14545454545453934
756,757,3.331361216566128,1.6715617751261325
757,758,0.8231604770598717,0.792028983821828
758,759,0.4578694978307465,0.412334516552087
759,760,0.4822695079659039,0.25224438762858387
760,761,0.9588257942627654,0.4546813872613058
761,762,0.6346566765690516,0.707451581739218
762,763,0.7236741806745605,0.847857543932791
763,764,0.5710001898971699,0.8221873154429576
764,765,0.7116734086722436,0.5170190712024365
765,766,0.533149531176365,0.7082662733210247
766,767,0.5203336877485591,0.39269715866460053
767,768,0.07448789571695845,0.07448789571694285
768,769,1.2013960185697714,0.08737439930100112
769,770,0.5946807983413065,0.6849227740947931
770,771,0.28807111403973124,0.3265689799421224
771,772,0.41546795773008327,0.4709911564956043
772,773,0.6829307216523541,1.265762740658706
773,774,0.8082303307122539,0.6018210125240548
774,775,2.1560761670467987,0.6170520237035486
775,776,0.3719752372689321,0.239412591394061
776,777,0.6233576003539236,0.7942182134172849
777,778,1.2594272852681359,0.7558770519161018
778,779,0.8321301342132161,0.49942388895101825
779,780,0.32618370810440783,0.7248781059727577
780,781,0.5003209717582966,0.9058014241436222
781,782,1.6137588532066347,0.4653046030896246
782,783,0.6016732052904652,1.1988491251095503
783,784,1.02285430913026,0.33192687245448166
784,785,0.560957674235655,0.5500830210614184
785,786,0.6654843658060097,0.9330020472455155
786,787,0.6422278334948038,1.0159568166382311
787,788,1.1404861693569068,0.19852602187355795
788,789,0.6601892508350715,0.7013694499164164
789,790,0.7881027540944306,1.0469606892552084
790,791,0.48406891154835535,0.562921436279908
791,792,0.7714178132204501,1.0247954612987635
792,793,0.9123558569307786,0.48398010928076274
793,794,0.3563683977330127,0.4941553597148883
794,795,0.7443650043044603,0.861960393258632
795,796,0.9464460852324857,0.3034591798113668
796,797,0.6760744184172468,0.2786213882147183
797,798,0.6765957508800883,0.6369592655201948
798,799,0.03422899195619262,0.29094272211248956
799,800,0.4124066742537392,0.4775590161635807
800,801,0.2817750069743033,1.07530486869743
801,802,0.984587734585358,0.9917532203524261
802,803,0.7018534196305861,0.4517304625067209
803,804,0.25442250718794884,0.8359492744811609
804,805,1.6379064765341216,0.385385314366265
805,806,0.8812953792812801,0.22775701035681625
806,807,0.7137058110144049,0.8264576356699915
807,808,1.0072171294590397,1.0345600676976976
808,809,1.6277887619438347,0.2142993825065721
809,810,1.4914655750000159,0.41751999687250646
810,811,0.8594860212734134,0.2051282051281965
811,812,0.5543116538915196,0.5693595605186283
812,813,1.0139923074719603,0.5100356732805666
813,814,1.0169474131508183,1.060762430921473
814,815,1.0147584821056113,0.35054950651351807
815,816,0.7152235260240356,0.5681216343055884
816,817,0.41125598815355885,0.05572582892170286
817,818,0.34582889912912906,0.3983079487589683
818,819,0.39568949679569365,0.652913522042556
819,820,0.48797268576231473,0.46060156697481736
820,821,0.6050420090578769,0.6160621523555003
821,822,0.5223166670643623,0.561689674440687
822,823,0.16299918500410226,0.7742372963745999
823,824,0.4961669944807114,0.5812821853466204
824,825,1.0680157318980625,1.2300856188880438
825,826,0.3876867327208779,0.5375826759136563
826,827,0.5183237207865559,0.6715437769908907
827,828,0.23449573347506586,1.1032511461920311
828,829,0.4449110963446379,0.1536950594809309
829,830,0.21553468897674338,0.05144032921810484
830,831,0.5775319577819283,0.13783597518951862
831,832,1.4741956849544402,2.23009531346315
832,833,0.4866461396251641,0.8071109518148747
833,834,0.11580775911988041,0.5500805805741946
834,835,0.5972907132869408,0.14255167498217503
835,836,0.5459276030889759,0.13029315960911503
836,837,0.2844950213371742,5.615854683012518
837,838,0.4599556688947094,0.2960390036309236
838,839,1.0534842320219922,0.8292477711300161
839,840,0.380141527541483,0.5561577612612514
840,841,0.7157224832836897,0.7780816483704602
841,842,0.3539334705924656,0.7423191978784041
842,843,0.691064172281944,0.5849675273607644
843,844,0.20307159108744693,0.4575331087736171
844,845,1.0000000000001674,0.9999999999999579
845,846,0.1516740037541318,0.03619909502262291
846,847,0.39469690295456816,0.45705144078687726
847,848,0.076452599388392,0.6498388093666959
848,849,0.2301001329290785,0.878960600426263
849,850,0.3910022838843942,0.9544112006398447
850,851,0.6894753834811455,0.7314492734616475
851,852,0.2897455193062304,0.9785202732723007
852,853,0.7890092882669645,0.7908741678394431
853,854,0.4417832210365527,0.7327050334793519
854,855,0.4963803465806376,0.9187551164302952
855,856,0.7751448785778341,1.0154828248046732
856,857,0.6186703576893963,0.2780184848263489
857,858,0.7552857694331795,0.2609143539279412
858,859,1.1316853853935007,1.3160315553523279
859,860,0.5648227303155837,1.0593223821423383
860,861,0.4414826595771724,0.7542037252864734
861,862,0.5849732972194708,0.49516441015399465
862,863,1.0918191006584497,1.5678789503632529
863,864,0.6645215348661611,0.5878387374461718
864,865,0.7549539376050254,0.1801801801801726
865,866,0.7301769932653878,0.5774966201363789
866,867,0.8626870440597344,0.5177633891354492
867,868,0.7484342599790049,0.1934211315625528
868,869,0.5906353507335425,0.08003201280511867
869,870,0.22765522160868734,0.46182513591504387
870,871,0.3200821456502859,0.49259924940470057
871,872,0.21655444916891992,0.39603153461248475
872,873,0.20937989085626668,0.5859518565795345
873,874,1.0714077368700978,0.6599322538605078
874,875,0.9057397653061984,0.4070219205876752
875,876,0.32662043405247243,0.2102211026004944
876,877,0.6228280390501971,0.3869257607050747
877,878,0.4700242022833494,0.12147040552363535
878,879,0.18950675502975534,0.7231923743795019
879,880,0.4816926473582616,0.3586759191567003
880,881,0.5272145153593527,0.4389739323204015
881,882,0.08968609865472353,0.7623221189700792
882,883,0.4160913853473006,0.6289998862148227
883,884,0.35142803368645775,0.04761904761904561
884,885,0.7073033658709381,0.2443387764021693
885,886,0.029407440082345755,0.35994229037707914
886,887,0.38688737851803695,0.23916408628352231
887,888,0.16246953696184682,0.1624695369618128
888,889,0.4423903575400619,0.5602489831072247
889,890,0.44743005674414255,0.7215707532715647
890,891,0.43112134128421614,0.3409736539998144
891,892,0.19318254703688817,0.9772318709514551
892,893,0.08495527886674555,0.24817188938103354
893,894,0.1557806314227727,0.5208106292708599
894,895,0.7842606073691484,0.22444921115702093
895,896,0.16447475382562868,0.03925417075564113
896,897,0.2931627530473814,0.6514956323407909
897,898,0.2950299924181681,0.10979402210506436
898,899,0.43993810240960807,0.566811401692447
899,900,0.7766888049327696,0.29255847401940877
900,901,0.48421844878850095,0.17649276633132024
901,902,0.9995948660532167,0.41655999455508425
902,903,0.5806301175818365,0.7279060828829071
903,904,0.7722007722009014,0.7722007722007397
904,905,0.4699816804377328,0.9364504210193073
905,906,0.2587322121604572,0.25873221216040304
906,907,0.6963006571409865,0.5748144680618026
907,908,0.5137090368639071,0.16471062157768399
908,909,0.4157740116853867,0.4788671338882469
909,910,0.6267100179888553,0.5915569144480498
910,911,0.8199151718861678,1.1770858205598687
911,912,0.6806919521054967,0.9772143173657921
912,913,1.0000000000001674,0.9999999999999579
913,914,0.394321119372843,0.9959711100751313
914,915,0.6116538003794945,0.8781018332201513
915,916,1.3144803516801267,0.4853069130580656
916,917,0.8131508159010484,0.521467261060891
917,918,0.7795299133684027,0.5213578986614655
918,919,0.8430199443366317,0.7188172518684314
919,920,0.9957224908944492,1.0155655655090228
920,921,0.7113988612994409,0.4618085700839543
921,922,1.2196942427764563,1.1948228897609394
922,923,0.8400137550160733,0.41429624924767455
923,924,0.7116834413981432,0.8304640277195409
924,925,2.8612667823766524,0.8188720256759522
925,926,0.9428226981377246,0.3021772554273096
926,927,0.7835146520697484,0.48449989663356285
927,928,0.6003046248649219,0.20737593596412007
928,929,0.07222824124233783,0.0722282412423227
929,930,0.05239717055279891,0.24888372089379981
930,931,0.07344840249725797,0.07344840249724259
931,932,0.6206684122797026,1.1591150446734584
932,933,0.5320547682786723,0.9632535792684059
933,934,0.16570008285006912,0.7870664147900862
934,935,0.6311220832700376,0.6129465249545454
935,936,0.6498334317284452,0.11643450945601592
936,937,0.610203034411454,0.7832913613976664
937,938,1.0000000000001674,0.9999999999999579
938,939,0.7960435925532746,0.6426172419006159
939,940,0.6158296541249809,0.7900752532456773
940,941,0.6002353502455331,0.5879972020850514
941,942,0.2700557757057572,0.9831236183336238
942,943,0.29308275461006145,0.34082454220464214
943,944,0.0743494423791946,0.35315582254707584
944,945,0.563972077202853,0.928567354340157
945,946,0.6443221756905643,0.7911714492929182
946,947,0.6098689265656279,0.3374710871926904
947,948,0.6103845192769403,0.656396212365271
948,949,0.9114348483305816,1.0441876443146751
949,950,1.7630117993626995,1.8071607337255795
950,951,0.8393915769470764,1.0165042846475272
951,952,1.3672439413356083,0.578110425569413
952,953,0.7133343804555872,0.9387593447602292
953,954,0.5432586281519964,1.526409522849287
954,955,0.977584893626965,0.863469742311751
955,956,6.643553181500488,0.3300330033003161
956,957,1.548715466831258,0.6959627565213437
957,958,0.41528171043585127,0.4829291270773418
958,959,0.5119113443748187,0.5803232514670947
959,960,0.21810250817888055,4.305284451644274
960,961,1.8037513756183166,1.450493451623956
961,962,0.44247787610626876,3.761013994033798
962,963,0.8329558360514236,0.11286681715575145
963,964,0.06835269993165874,0.5809905417987958
964,965,1.1158440356079602,0.2663115845539169
965,966,0.25575447570336757,0.255754475703314
966,967,1.2121540207710246,0.5447185565663039
967,968,1.0000000000001674,0.9999999999999579
968,969,0.8064516129033606,0.8064516129031918
969,970,0.4237288135593929,0.4237288135593042
970,971,0.49504950495057787,0.49504950495047423
971,972,1.0000000000001674,0.9999999999999579
972,973,1.0000000000001674,0.9999999999999579
973,974,0.4842615012107348,0.4842615012106334
974,975,0.5528021925721038,0.6454811184497665
975,976,0.18132366273801762,0.18132366273797965
976,977,0.7861152633598294,0.18761726078798457
977,978,0.15965362265907224,0.3459120259065611
978,979,0.10055304172952913,0.10055304172950807
979,980,0.7659562747706915,0.4929886676967483
980,981,0.38750268875902405,1.0364782993325807
981,982,0.7238735157952638,0.4474804752048636
982,983,0.060186578393028434,0.060186578393015826
983,984,0.08583690987125898,0.08583690987124101
984,985,0.6756756756757888,0.6756756756756472
985,986,0.2247191011236331,0.22471910112358603
986,987,0.280112044817974,0.2801120448179154
987,988,0.8839650535248714,0.21097046413501222
988,989,0.4000000000000669,0.39999999999998315
989,990,0.3241491085900056,0.32414910858993773
990,991,0.9427920151062948,0.04042854255103933
991,992,0.30983201295392954,0.5878834282236127
992,993,0.44447963253696565,0.39566308660974864
993,994,0.34215223086424784,0.5933060169410486
994,995,0.45194013816251966,1.0951406774429726
995,996,0.7249194337581072,0.39028028795535236
996,997,0.14732750892081192,0.2988710135905901
997,998,0.48144178685332756,0.29761525302928515
998,999,0.27529529262206903,0.06570302233902484
999,1000,0.20236630541936204,0.22941056813611063
1000,1001,0.029832935560864183,0.588894069534278
1001,1002,0.10357327809426899,0.4919674586492149
1002,1003,0.043821209465388575,0.043821209465379395
1003,1004,0.467447533957182,0.30432953325189105
1004,1005,0.7636529381146067,0.5634985252584591
1005,1006,1.1476358510656595,0.04921259842519477
1006,1007,0.35033397606253264,0.08361204013377574
1007,1008,0.5958484624072725,0.8262284567023289
1008,1009,0.3784744682777604,1.059164834064906
1009,1010,0.3581783804387628,0.35105791827003047
1010,1011,0.50147580193267,0.6758321060468406
1011,1012,0.5029314215224279,0.4558907460645464
1012,1013,0.541350554785027,0.9166988139577416
1013,1014,0.8125968403949844,0.2853958807441925
1014,1015,0.32170831331367106,0.5335587438654131
1015,1016,1.3614921327482497,0.44583252188849265
1016,1017,0.6654789775386523,0.588685695538941
1017,1018,0.3072461511516025,0.4367599894412066
1018,1019,0.9694998766219294,1.1344727765506983
1019,1020,0.546393541541656,0.8265589763520695
1020,1021,0.4604460479668421,0.8028971467382829
1021,1022,1.0000000000001674,0.9999999999999579
1022,1023,0.8776045172720338,0.9609856545490452
1023,1024,0.9676610997884745,0.5429772464299644
1024,1025,0.6534222482637903,1.0503228922585692
1025,1026,0.2545585010188102,0.5735363657328819
1026,1027,0.8964834067976005,0.5589886278599868
1027,1028,1.0602522058629023,0.5100352844218263
1028,1029,0.7249098946503124,0.9496722069543293
1029,1030,0.602611347349414,0.30311204730748614
1030,1031,0.9944128552404281,0.568851979563901
1031,1032,0.3384609747500252,0.843544543043641
1032,1033,0.39849135008947545,0.3204483176820503
1033,1034,1.0000000000001674,0.9999999999999579
1034,1035,0.21249607565262346,0.4604026316593949
1035,1036,1.0000000000001674,0.9999999999999579
1036,1037,0.18132366273801762,0.8612775726669392
1037,1038,0.6773750088513515,0.25208191914885336
1038,1039,0.43759903611997564,0.21274325967976032
1039,1040,0.5142785421469667,0.6831969741991756
1040,1041,1.0964391005055791,1.1164094758246472
1041,1042,0.5179874715589012,1.308325960004514
1042,1043,0.3484231360175437,0.7988830392814712
1043,1044,0.8184696159953826,0.2359941691752159
1044,1045,0.3892904006949042,0.45363045411442027
1045,1046,0.4332288272041692,0.6603978099033677
1046,1047,0.7721271637033387,0.6819954434865002
1047,1048,0.4599497917563688,0.564778238395794
1048,1049,0.38944104336502755,0.4341097987216781
1049,1050,0.873133223065324,0.30665714265221466
1050,1051,0.506671747416404,0.37067990759599384
1051,1052,0.2762311005128273,0.026133542401671445
1052,1053,0.22983459070120252,0.14792730654805886
1053,1054,0.43309792883894443,0.4988199311335905
1054,1055,0.20283975659232603,0.20283975659228357
1055,1056,0.20080321285143923,0.20080321285139718
1056,1057,0.07800312012481804,0.3705105938578916
1057,1058,0.05842827928718477,0.7151526488035392
1058,1059,0.32317735084519017,0.07713073659853127
1059,1060,0.13306719893548466,0.1330671989354568
1060,1061,3.7767291069317976,0.18761726078798457
1061,1062,0.1076426264801041,1.7211822817578883
1062,1063,0.21323126481974,0.05089058524172814
1063,1064,0.05859947260475636,0.4980891665113615
1064,1065,0.6279878326687213,0.17608696249335198
1065,1066,0.6386417261541474,1.0265644102470652
1066,1067,0.840773793337462,0.34243031154365106
1067,1068,1.041853206813202,0.039300451955195825
1068,1069,0.14196381085727833,0.451854862441997
1069,1070,0.4606357598837867,1.0378414336704058
1070,1071,0.4358039593516674,0.13973190245793823
1071,1072,0.4008739776248115,1.2308864250534761
1072,1073,0.031550717778834746,0.3861756612800939
1073,1074,0.40219712567325644,0.6189723635376947
1074,1075,0.02517306482064613,0.1195706938516846
1075,1076,0.14015741539104762,0.5171326746140614
1076,1077,0.8658964321967543,0.39471958711934274
1077,1078,0.2304093678145664,0.673073279311112
1078,1079,0.7722007722009014,0.7722007722007397
1079,1080,0.4822622311690363,0.6317902966767296
1080,1081,0.5419923783790996,1.4707838807420395
1081,1082,0.37066743884558584,0.9914479764334003
1082,1083,0.38437441184456317,0.8328012186213951
1083,1084,0.11438696024318565,1.254964515222289
1084,1085,0.8277921072142722,0.5536361673164151
1085,1086,1.0568445987163577,0.1940154510408395
1086,1087,0.6088472576629645,0.8889152269154275
1087,1088,0.8181597895202892,0.7562536464195979
1088,1089,0.477046102759843,0.5581181872735954
1089,1090,1.02464955116415,0.6365534018746208
1090,1091,0.4807578858469039,0.35882718127072394
1091,1092,0.41313424607381183,0.5588429139415784
1092,1093,0.5446850529662605,0.3546146591794567
1093,1094,0.68992918968332,0.6700600573029782
1094,1095,0.6669386784267699,0.6278679258702785
1095,1096,0.40340613506906775,0.4707349704217878
1096,1097,0.8570496637476989,0.6963957178402175
1097,1098,0.36786625619481367,0.5932581586432661
1098,1099,0.22774289743322623,0.8856189121177452
1099,1100,0.6331085254824835,0.7974532709785066
1100,1101,0.6867226216528388,0.2140954623801395
1101,1102,0.5019426939508137,0.4601930198040122
1102,1103,0.399622567291034,0.517753746253741
1103,1104,0.9270670965847422,0.5625601618700008
1104,1105,0.51740075940719,0.5211353609861971
1105,1106,0.5672153290022234,0.934285718243026
1106,1107,0.6000322286460186,0.20355625451975015
1107,1108,0.17098528274670027,0.346863563620338
1108,1109,0.9100286750859523,0.08609556607834333
1109,1110,1.0000000000001674,0.9999999999999579
1110,1111,0.5584281727407616,0.4726946650093152
1111,1112,0.7392311761564749,0.809465473001421
1112,1113,0.5924102740422718,0.5591810945106063
1113,1114,0.5001030966592985,1.104703899104752
1114,1115,0.4566967054021147,0.5783667307142518
1115,1116,0.2587827900874853,0.11629197731076435
1116,1117,0.5037252509699579,0.9119646696043682
1117,1118,0.43290043290050534,0.4329004329004147
1118,1119,0.5005357478783903,0.6649402617527713
1119,1120,0.4562690650440661,0.8497355670452712
1120,1121,0.8760734856340195,0.5784174722620786
1121,1122,0.03304146704114215,0.8997066242128995
1122,1123,0.8115144970794763,0.35878016973191124
1123,1124,0.8389584600221108,1.0910633096919138
1124,1125,0.8328932109586448,0.5341279046661723
1125,1126,0.5955046091331513,0.7911023185664356
1126,1127,0.2878927702879841,0.33337430435169757
1127,1128,0.1274910802893014,0.7147322386747972
1128,1129,0.3093388227174522,1.7341952767845856
1129,1130,0.5369402469095087,1.3785684849704753
1130,1131,0.616493512363708,0.56772422122685
1131,1132,0.8183734711668951,1.1358290124187194
1132,1133,0.4788430239432713,0.8180280349659486
1133,1134,1.125250699042213,0.7453717406999214
1134,1135,0.864839708267014,0.7631080154011854
1135,1136,1.0000000000001674,0.9999999999999579
1136,1137,3.2641984869094673,5.948858226240607
1137,1138,0.8525903549462458,0.6887289334631796
1138,1139,0.7984178791170216,1.256423008911572
1139,1140,1.3191600534894374,1.666818116403501
1140,1141,2.8645717599567435,1.8366508028603514
1141,1142,2.9648131756055625,2.0447128802718497
1142,1143,2.58502727449587,2.371028567107904
1143,1144,3.849627434295664,3.82270274232684
1144,1145,6.103192607859231,5.907338278119755
1145,1146,8.36878167372896,6.934521325095954
1146,1147,1.0000000000001674,0.9999999999999579
1147,1148,9.898975509170134,10.417998419690443
1148,1149,15.779911046008902,15.13164223898417
1149,1150,16.88427049179941,16.772694618759186
1150,1151,23.47882324072993,23.186843773994365
1151,1152,19.017268599359713,19.008463415073027
1152,1153,19.604557471491063,18.713227084865107
1153,1154,22.24715279906037,22.54756079623547
1154,1155,15.256756967356866,13.906378898455381
1155,1156,13.54375219014582,13.897953698003505
1156,1157,14.70924392134339,15.12573377282049
1157,1158,12.767877293724974,15.601222681132219
1158,1159,16.054949067466858,14.640961078494428
1159,1160,18.55037755313877,16.88899643954612
1160,1161,10.973014683374373,10.330191054515156
1161,1162,14.79024588342167,13.802058624020079
1162,1163,14.504157882502028,13.281427672486199
1163,1164,14.55702432120435,14.691446425323065
1164,1165,13.24678582783574,13.326179538391386
1165,1166,14.68260097215037,16.060667886355958
1166,1167,14.546897493866844,18.301982986658317
1167,1168,12.098353975708791,10.183830758424316
1168,1169,9.98050625342188,8.44541301996529
1169,1170,6.346625712323424,5.675888244332045
1170,1171,1.9794486185206883,3.6030687290122967
1171,1172,1.4227679344887465,1.616321398720709
1172,1173,0.7222970999915742,0.3144974041425473
1173,1174,0.32718203471296775,0.5064098065832271
1174,1175,0.26390494532511966,0.6898560922324819
1175,1176,0.32925333158703995,0.48682762667742757
1176,1177,0.332687573978491,0.568344423519168
1177,1178,0.39804737008050944,0.24008683780076256
1178,1179,0.8533443725813135,0.7131767251873391
1179,1180,0.8653751116243081,0.6662075057416632
1180,1181,0.5197750997737075,0.34546253431552326
1181,1182,0.24104864449540103,0.7920071290380805
1182,1183,0.5965318162674907,0.5849675273607644
1183,1184,0.5328300897213787,0.8247102653855839
1184,1185,0.8342153351728796,0.5662505354608228
1185,1186,1.9764124309942879,0.4716981132075273
1186,1187,0.8273625662884972,0.46425246208694176
1187,1188,1.0767261035789606,0.4055747215607048
1188,1189,0.29848285975391764,0.1921110541257096
1189,1190,0.048181161165992165,1.1317598180702102
1190,1191,0.4623789615539517,1.027544839197166
1191,1192,0.27202317388188774,1.1418933577243502
1192,1193,0.12453300124535086,0.12453300124532478
1193,1194,0.5879994421062864,1.2689184379919054
1194,1195,0.5347444245559642,1.1539926934314686
1195,1196,0.4240548167318746,0.608781163015852
1196,1197,0.8864222227071914,0.8873270361482468
1197,1198,0.6868459509843796,0.6195463268096831
1198,1199,0.7483216499404994,0.6607695112845876
1199,1200,1.111346963061935,1.1704249689281416
1200,1201,0.9217615973758547,0.7703559530502703
1201,1202,1.3006101057429853,0.9774105076155538
1202,1203,1.2369772474284726,0.8887980672986137
1203,1204,1.6084431300222228,1.8233957056653245
1204,1205,0.5811554486071744,0.752948995628178
1205,1206,0.8865634210018363,1.0003920055464663
1206,1207,1.0490460483618254,1.255864486910321
1207,1208,0.9248449951038862,0.9392431494669014
1208,1209,1.1842135572166155,0.7592711800848211
1209,1210,0.8897079405780439,0.8546231238015989
1210,1211,1.031880301970333,0.9354185960551615
